model_name,cpu_cores,gpu_mode,gpu_name,mem_cap_gb,batch_size,context_length,prediction_length,repeat_idx,warmup,latency_s,throughput_samples_per_s,avg_power_w,peak_power_w,energy_j,status,error
amazon/chronos-2,8,GPU_off,nan,16,1,512,1024,0,2,0.33937797099997624,2.9465672066265904,nan,nan,nan,ok,
amazon/chronos-2,8,GPU_off,nan,16,1,512,1024,1,2,0.2759262550000017,3.624156751592899,nan,nan,nan,ok,
amazon/chronos-2,8,GPU_off,nan,16,1,512,1024,2,2,0.31339750000000777,3.1908359192398636,nan,nan,nan,ok,
amazon/chronos-2,8,GPU_off,nan,16,1,512,1024,3,2,0.2778388230000246,3.5992090277459585,nan,nan,nan,ok,
amazon/chronos-2,8,GPU_off,nan,16,1,512,1024,4,2,0.2769967550000274,3.6101505954461492,nan,nan,nan,ok,
amazon/chronos-2,8,GPU_off,nan,16,1,1024,1024,0,2,0.28561937699998907,3.501163018082062,nan,nan,nan,ok,
amazon/chronos-2,8,GPU_off,nan,16,1,1024,1024,1,2,0.2778433799999789,3.5991499959440314,nan,nan,nan,ok,
amazon/chronos-2,8,GPU_off,nan,16,1,1024,1024,2,2,0.27113445399999136,3.688207032515432,nan,nan,nan,ok,
amazon/chronos-2,8,GPU_off,nan,16,1,1024,1024,3,2,0.2732192409999925,3.6600643363914016,nan,nan,nan,ok,
amazon/chronos-2,8,GPU_off,nan,16,1,1024,1024,4,2,0.27309485899996844,3.661731325378467,nan,nan,nan,ok,
amazon/chronos-2,8,GPU_off,nan,16,1,1536,1024,0,2,0.31151976300003525,3.2100692115635914,nan,nan,nan,ok,
amazon/chronos-2,8,GPU_off,nan,16,1,1536,1024,1,2,0.3158749950000015,3.1658093101038127,nan,nan,nan,ok,
amazon/chronos-2,8,GPU_off,nan,16,1,1536,1024,2,2,0.3005075149999925,3.3277038013509412,nan,nan,nan,ok,
amazon/chronos-2,8,GPU_off,nan,16,1,1536,1024,3,2,0.324194910000017,3.08456415925823,nan,nan,nan,ok,
amazon/chronos-2,8,GPU_off,nan,16,1,1536,1024,4,2,0.3021151080000095,3.3099966652444555,nan,nan,nan,ok,
amazon/chronos-2,8,GPU_off,nan,16,1,2048,1024,0,2,0.34203235600000426,2.923700002230162,nan,nan,nan,ok,
amazon/chronos-2,8,GPU_off,nan,16,1,2048,1024,1,2,0.35994915800000626,2.7781701325718413,nan,nan,nan,ok,
amazon/chronos-2,8,GPU_off,nan,16,1,2048,1024,2,2,0.3350102449999781,2.9849833398380556,nan,nan,nan,ok,
amazon/chronos-2,8,GPU_off,nan,16,1,2048,1024,3,2,0.3590884729999857,2.784829019003458,nan,nan,nan,ok,
amazon/chronos-2,8,GPU_off,nan,16,1,2048,1024,4,2,0.3423246210000457,2.9212038476188558,nan,nan,nan,ok,
amazon/chronos-2,8,GPU_off,nan,16,1,2560,1024,0,2,0.3800993180000205,2.630891329302375,nan,nan,nan,ok,
amazon/chronos-2,8,GPU_off,nan,16,1,2560,1024,1,2,0.3740073499999994,2.673744245935278,nan,nan,nan,ok,
amazon/chronos-2,8,GPU_off,nan,16,1,2560,1024,2,2,0.6506107849999694,1.5370172506440192,nan,nan,nan,ok,
amazon/chronos-2,8,GPU_off,nan,16,1,2560,1024,3,2,0.43102784799998517,2.3200357114745738,nan,nan,nan,ok,
amazon/chronos-2,8,GPU_off,nan,16,1,2560,1024,4,2,0.39479800899999873,2.5329408386150276,nan,nan,nan,ok,
amazon/chronos-2,8,GPU_off,nan,16,1,3072,1024,0,2,0.40549998200003756,2.466091354844764,nan,nan,nan,ok,
amazon/chronos-2,8,GPU_off,nan,16,1,3072,1024,1,2,0.7613701309999783,1.3134216319815526,nan,nan,nan,ok,
amazon/chronos-2,8,GPU_off,nan,16,1,3072,1024,2,2,0.3862010189999978,2.5893251203462144,nan,nan,nan,ok,
amazon/chronos-2,8,GPU_off,nan,16,1,3072,1024,3,2,0.3826615410000045,2.6132754218955814,nan,nan,nan,ok,
amazon/chronos-2,8,GPU_off,nan,16,1,3072,1024,4,2,0.43147752100003345,2.3176178394700715,nan,nan,nan,ok,
amazon/chronos-2,8,GPU_off,nan,16,1,3584,1024,0,2,0.412397397999996,2.4248455612225026,nan,nan,nan,ok,
amazon/chronos-2,8,GPU_off,nan,16,1,3584,1024,1,2,0.40651131200002055,2.4599561450825,nan,nan,nan,ok,
amazon/chronos-2,8,GPU_off,nan,16,1,3584,1024,2,2,0.42720858199999157,2.340776946283396,nan,nan,nan,ok,
amazon/chronos-2,8,GPU_off,nan,16,1,3584,1024,3,2,0.4129589430000351,2.4215482360916325,nan,nan,nan,ok,
amazon/chronos-2,8,GPU_off,nan,16,1,3584,1024,4,2,0.4177142119999644,2.393981270620702,nan,nan,nan,ok,
amazon/chronos-2,8,GPU_off,nan,16,1,4096,1024,0,2,0.4465939559999583,2.2391704736821234,nan,nan,nan,ok,
amazon/chronos-2,8,GPU_off,nan,16,1,4096,1024,1,2,0.45300721900002827,2.2074703405552962,nan,nan,nan,ok,
amazon/chronos-2,8,GPU_off,nan,16,1,4096,1024,2,2,0.44406053799991696,2.2519452066244785,nan,nan,nan,ok,
amazon/chronos-2,8,GPU_off,nan,16,1,4096,1024,3,2,0.4425001399999928,2.2598862906574815,nan,nan,nan,ok,
amazon/chronos-2,8,GPU_off,nan,16,1,4096,1024,4,2,0.4538920810000491,2.203166880102259,nan,nan,nan,ok,
amazon/chronos-2,8,GPU_off,nan,16,1,4608,1024,0,2,0.48894876999997905,2.0452040404970093,nan,nan,nan,ok,
amazon/chronos-2,8,GPU_off,nan,16,1,4608,1024,1,2,0.47881667600006494,2.088481980940581,nan,nan,nan,ok,
amazon/chronos-2,8,GPU_off,nan,16,1,4608,1024,2,2,0.5118947189999972,1.953526697742716,nan,nan,nan,ok,
amazon/chronos-2,8,GPU_off,nan,16,1,4608,1024,3,2,0.7617661370001088,1.3127388465153804,nan,nan,nan,ok,
amazon/chronos-2,8,GPU_off,nan,16,1,4608,1024,4,2,0.5637731949999534,1.773762940254871,nan,nan,nan,ok,
amazon/chronos-2,8,GPU_off,nan,16,1,5120,1024,0,2,0.5510186449999992,1.8148206219047296,nan,nan,nan,ok,
amazon/chronos-2,8,GPU_off,nan,16,1,5120,1024,1,2,0.5078276429999278,1.9691720483993862,nan,nan,nan,ok,
amazon/chronos-2,8,GPU_off,nan,16,1,5120,1024,2,2,0.5125704529999666,1.9509513163453165,nan,nan,nan,ok,
amazon/chronos-2,8,GPU_off,nan,16,1,5120,1024,3,2,0.505656560000034,1.9776268699054014,nan,nan,nan,ok,
amazon/chronos-2,8,GPU_off,nan,16,1,5120,1024,4,2,0.9216776529999606,1.0849780253921841,nan,nan,nan,ok,
amazon/chronos-2,8,GPU_off,nan,16,1,5632,1024,0,2,0.5407131090000803,1.8494095729420377,nan,nan,nan,ok,
amazon/chronos-2,8,GPU_off,nan,16,1,5632,1024,1,2,0.5390540020000572,1.8551017083440444,nan,nan,nan,ok,
amazon/chronos-2,8,GPU_off,nan,16,1,5632,1024,2,2,0.5467346030000044,1.8290409908443126,nan,nan,nan,ok,
amazon/chronos-2,8,GPU_off,nan,16,1,5632,1024,3,2,0.548005073000013,1.8248006255226332,nan,nan,nan,ok,
amazon/chronos-2,8,GPU_off,nan,16,1,5632,1024,4,2,0.5421717880000188,1.8444338531313722,nan,nan,nan,ok,
amazon/chronos-2,8,GPU_off,nan,16,1,6144,1024,0,2,0.5655901559999847,1.768064718580475,nan,nan,nan,ok,
amazon/chronos-2,8,GPU_off,nan,16,1,6144,1024,1,2,0.5662318739999819,1.7660609476746483,nan,nan,nan,ok,
amazon/chronos-2,8,GPU_off,nan,16,1,6144,1024,2,2,0.5703430620000063,1.7533306997604698,nan,nan,nan,ok,
amazon/chronos-2,8,GPU_off,nan,16,1,6144,1024,3,2,0.5829143509999994,1.7155178943261271,nan,nan,nan,ok,
amazon/chronos-2,8,GPU_off,nan,16,1,6144,1024,4,2,0.5734572439999965,1.74380916879656,nan,nan,nan,ok,
amazon/chronos-2,8,GPU_off,nan,16,1,6656,1024,0,2,0.6464804739999863,1.5468371284482463,nan,nan,nan,ok,
amazon/chronos-2,8,GPU_off,nan,16,1,6656,1024,1,2,0.6587049409999963,1.518130406737006,nan,nan,nan,ok,
amazon/chronos-2,8,GPU_off,nan,16,1,6656,1024,2,2,0.6357403399999839,1.5729692408696692,nan,nan,nan,ok,
amazon/chronos-2,8,GPU_off,nan,16,1,6656,1024,3,2,0.6743386919999921,1.4829343353176772,nan,nan,nan,ok,
amazon/chronos-2,8,GPU_off,nan,16,1,6656,1024,4,2,1.0035948250000502,0.9964180514780455,nan,nan,nan,ok,
amazon/chronos-2,8,GPU_off,nan,16,1,7168,1024,0,2,0.7742628219999688,1.2915511007191824,nan,nan,nan,ok,
amazon/chronos-2,8,GPU_off,nan,16,1,7168,1024,1,2,0.638637837000033,1.5658326864838552,nan,nan,nan,ok,
amazon/chronos-2,8,GPU_off,nan,16,1,7168,1024,2,2,0.6790412090000473,1.4726646729917836,nan,nan,nan,ok,
amazon/chronos-2,8,GPU_off,nan,16,1,7168,1024,3,2,1.0174338360000093,0.9828648946170795,nan,nan,nan,ok,
amazon/chronos-2,8,GPU_off,nan,16,1,7168,1024,4,2,0.627953113999979,1.5924755809078341,nan,nan,nan,ok,
amazon/chronos-2,8,GPU_off,nan,16,1,7680,1024,0,2,0.6690040390000149,1.4947592864980859,nan,nan,nan,ok,
amazon/chronos-2,8,GPU_off,nan,16,1,7680,1024,1,2,0.6819748980000213,1.466329630214584,nan,nan,nan,ok,
amazon/chronos-2,8,GPU_off,nan,16,1,7680,1024,2,2,0.6896948919999204,1.44991649437954,nan,nan,nan,ok,
amazon/chronos-2,8,GPU_off,nan,16,1,7680,1024,3,2,0.6675671420000526,1.4979766634468674,nan,nan,nan,ok,
amazon/chronos-2,8,GPU_off,nan,16,1,7680,1024,4,2,0.6740896139999677,1.4834822837072341,nan,nan,nan,ok,
amazon/chronos-2,8,GPU_off,nan,16,1,8192,1024,0,2,0.706702330999974,1.4150229256850106,nan,nan,nan,ok,
amazon/chronos-2,8,GPU_off,nan,16,1,8192,1024,1,2,0.8028338059999669,1.245587807247919,nan,nan,nan,ok,
amazon/chronos-2,8,GPU_off,nan,16,1,8192,1024,2,2,0.7040913060000094,1.4202703420399665,nan,nan,nan,ok,
amazon/chronos-2,8,GPU_off,nan,16,1,8192,1024,3,2,0.9840509360000169,1.0162075594021718,nan,nan,nan,ok,
amazon/chronos-2,8,GPU_off,nan,16,1,8192,1024,4,2,0.7737517679998973,1.2924041551270908,nan,nan,nan,ok,
amazon/chronos-2,6,GPU_off,nan,12,1,512,1024,0,2,0.26787463199991635,3.733089589462552,nan,nan,nan,ok,
amazon/chronos-2,6,GPU_off,nan,12,1,512,1024,1,2,0.26808092700002817,3.7302168833514027,nan,nan,nan,ok,
amazon/chronos-2,6,GPU_off,nan,12,1,512,1024,2,2,0.312812321000024,3.19680502610357,nan,nan,nan,ok,
amazon/chronos-2,6,GPU_off,nan,12,1,512,1024,3,2,0.2698624969999628,3.705590851329512,nan,nan,nan,ok,
amazon/chronos-2,6,GPU_off,nan,12,1,512,1024,4,2,0.2792884419999382,3.580527689721658,nan,nan,nan,ok,
amazon/chronos-2,6,GPU_off,nan,12,1,1024,1024,0,2,0.33654779999994844,2.971346120818954,nan,nan,nan,ok,
amazon/chronos-2,6,GPU_off,nan,12,1,1024,1024,1,2,0.27178223500004606,3.6794163533162147,nan,nan,nan,ok,
amazon/chronos-2,6,GPU_off,nan,12,1,1024,1024,2,2,0.2737250850000237,3.653300536923437,nan,nan,nan,ok,
amazon/chronos-2,6,GPU_off,nan,12,1,1024,1024,3,2,0.2718753670000069,3.6781559544523743,nan,nan,nan,ok,
amazon/chronos-2,6,GPU_off,nan,12,1,1024,1024,4,2,0.27100209599996106,3.6900083606738736,nan,nan,nan,ok,
amazon/chronos-2,6,GPU_off,nan,12,1,1536,1024,0,2,0.30104941599995527,3.321713801298816,nan,nan,nan,ok,
amazon/chronos-2,6,GPU_off,nan,12,1,1536,1024,1,2,0.29966728499994133,3.337034271192452,nan,nan,nan,ok,
amazon/chronos-2,6,GPU_off,nan,12,1,1536,1024,2,2,0.30398259699995833,3.289662006539595,nan,nan,nan,ok,
amazon/chronos-2,6,GPU_off,nan,12,1,1536,1024,3,2,0.2958059749998938,3.3805943236959934,nan,nan,nan,ok,
amazon/chronos-2,6,GPU_off,nan,12,1,1536,1024,4,2,0.30083087399998476,3.324126897959452,nan,nan,nan,ok,
amazon/chronos-2,6,GPU_off,nan,12,1,2048,1024,0,2,0.32420955899999626,3.084424787117432,nan,nan,nan,ok,
amazon/chronos-2,6,GPU_off,nan,12,1,2048,1024,1,2,0.3272879459999558,3.0554134737370835,nan,nan,nan,ok,
amazon/chronos-2,6,GPU_off,nan,12,1,2048,1024,2,2,0.33160357199994905,3.0156490594140934,nan,nan,nan,ok,
amazon/chronos-2,6,GPU_off,nan,12,1,2048,1024,3,2,0.33205873800000063,3.0115153903885465,nan,nan,nan,ok,
amazon/chronos-2,6,GPU_off,nan,12,1,2048,1024,4,2,0.32548067899995203,3.0723789905825636,nan,nan,nan,ok,
amazon/chronos-2,6,GPU_off,nan,12,1,2560,1024,0,2,0.3412994960000333,2.9299779569551503,nan,nan,nan,ok,
amazon/chronos-2,6,GPU_off,nan,12,1,2560,1024,1,2,0.36350807099995563,2.750970555479419,nan,nan,nan,ok,
amazon/chronos-2,6,GPU_off,nan,12,1,2560,1024,2,2,0.36023106800007554,2.7759959893292443,nan,nan,nan,ok,
amazon/chronos-2,6,GPU_off,nan,12,1,2560,1024,3,2,0.3649679619999233,2.739966528898255,nan,nan,nan,ok,
amazon/chronos-2,6,GPU_off,nan,12,1,2560,1024,4,2,0.36173505800002204,2.7644541989622113,nan,nan,nan,ok,
amazon/chronos-2,6,GPU_off,nan,12,1,3072,1024,0,2,0.38167763499996,2.620012042361625,nan,nan,nan,ok,
amazon/chronos-2,6,GPU_off,nan,12,1,3072,1024,1,2,0.6748441720000073,1.48182356978255,nan,nan,nan,ok,
amazon/chronos-2,6,GPU_off,nan,12,1,3072,1024,2,2,0.4738579509998999,2.1103370701913393,nan,nan,nan,ok,
amazon/chronos-2,6,GPU_off,nan,12,1,3072,1024,3,2,0.39933395699995344,2.5041697117686303,nan,nan,nan,ok,
amazon/chronos-2,6,GPU_off,nan,12,1,3072,1024,4,2,0.6302516050000122,1.5866679149511735,nan,nan,nan,ok,
amazon/chronos-2,6,GPU_off,nan,12,1,3584,1024,0,2,0.4415659590000587,2.2646673268576554,nan,nan,nan,ok,
amazon/chronos-2,6,GPU_off,nan,12,1,3584,1024,1,2,0.4282707530001062,2.3349714940720037,nan,nan,nan,ok,
amazon/chronos-2,6,GPU_off,nan,12,1,3584,1024,2,2,0.4338700470000276,2.304837604979761,nan,nan,nan,ok,
amazon/chronos-2,6,GPU_off,nan,12,1,3584,1024,3,2,0.48636578599996483,2.0560656789292993,nan,nan,nan,ok,
amazon/chronos-2,6,GPU_off,nan,12,1,3584,1024,4,2,0.46370258100000683,2.1565547421440496,nan,nan,nan,ok,
amazon/chronos-2,6,GPU_off,nan,12,1,4096,1024,0,2,0.5019750369999656,1.9921309353876666,nan,nan,nan,ok,
amazon/chronos-2,6,GPU_off,nan,12,1,4096,1024,1,2,0.5217718620000369,1.9165464311678986,nan,nan,nan,ok,
amazon/chronos-2,6,GPU_off,nan,12,1,4096,1024,2,2,0.4442913760000238,2.2507751759735855,nan,nan,nan,ok,
amazon/chronos-2,6,GPU_off,nan,12,1,4096,1024,3,2,0.444900571000062,2.247693226718427,nan,nan,nan,ok,
amazon/chronos-2,6,GPU_off,nan,12,1,4096,1024,4,2,0.46660596300000634,2.143135920446834,nan,nan,nan,ok,
amazon/chronos-2,6,GPU_off,nan,12,1,4608,1024,0,2,0.46606962799990015,2.1456021588263936,nan,nan,nan,ok,
amazon/chronos-2,6,GPU_off,nan,12,1,4608,1024,1,2,0.4731330640000806,2.1135703168693145,nan,nan,nan,ok,
amazon/chronos-2,6,GPU_off,nan,12,1,4608,1024,2,2,0.480615610999962,2.080664833003269,nan,nan,nan,ok,
amazon/chronos-2,6,GPU_off,nan,12,1,4608,1024,3,2,0.48974021899994113,2.041898870470592,nan,nan,nan,ok,
amazon/chronos-2,6,GPU_off,nan,12,1,4608,1024,4,2,0.4645268289999649,2.152728190431549,nan,nan,nan,ok,
amazon/chronos-2,6,GPU_off,nan,12,1,5120,1024,0,2,0.5360626289999573,1.8654536725783952,nan,nan,nan,ok,
amazon/chronos-2,6,GPU_off,nan,12,1,5120,1024,1,2,0.5328716530000293,1.8766245011722271,nan,nan,nan,ok,
amazon/chronos-2,6,GPU_off,nan,12,1,5120,1024,2,2,0.5469192599999815,1.8284234495600573,nan,nan,nan,ok,
amazon/chronos-2,6,GPU_off,nan,12,1,5120,1024,3,2,0.78492642599997,1.274004756211429,nan,nan,nan,ok,
amazon/chronos-2,6,GPU_off,nan,12,1,5120,1024,4,2,0.9106857220000393,1.0980736557544897,nan,nan,nan,ok,
amazon/chronos-2,6,GPU_off,nan,12,1,5632,1024,0,2,0.5400350129999651,1.8517317876203419,nan,nan,nan,ok,
amazon/chronos-2,6,GPU_off,nan,12,1,5632,1024,1,2,0.6293031540000129,1.589059253308588,nan,nan,nan,ok,
amazon/chronos-2,6,GPU_off,nan,12,1,5632,1024,2,2,0.5360176049999836,1.8656103655401963,nan,nan,nan,ok,
amazon/chronos-2,6,GPU_off,nan,12,1,5632,1024,3,2,0.5326098950000642,1.8775467924790987,nan,nan,nan,ok,
amazon/chronos-2,6,GPU_off,nan,12,1,5632,1024,4,2,0.5317162420000159,1.8807023765882445,nan,nan,nan,ok,
amazon/chronos-2,6,GPU_off,nan,12,1,6144,1024,0,2,0.5520922329999394,1.811291556423888,nan,nan,nan,ok,
amazon/chronos-2,6,GPU_off,nan,12,1,6144,1024,1,2,0.5706030720000399,1.7525317494258603,nan,nan,nan,ok,
amazon/chronos-2,6,GPU_off,nan,12,1,6144,1024,2,2,0.5611558299999615,1.7820361948303534,nan,nan,nan,ok,
amazon/chronos-2,6,GPU_off,nan,12,1,6144,1024,3,2,0.5769801590000725,1.7331618503711397,nan,nan,nan,ok,
amazon/chronos-2,6,GPU_off,nan,12,1,6144,1024,4,2,0.5843714580000778,1.711240318653391,nan,nan,nan,ok,
amazon/chronos-2,6,GPU_off,nan,12,1,6656,1024,0,2,0.6028670620000867,1.6587404803347114,nan,nan,nan,ok,
amazon/chronos-2,6,GPU_off,nan,12,1,6656,1024,1,2,0.6296143119999442,1.5882739336460454,nan,nan,nan,ok,
amazon/chronos-2,6,GPU_off,nan,12,1,6656,1024,2,2,0.6442785029998959,1.552123802585047,nan,nan,nan,ok,
amazon/chronos-2,6,GPU_off,nan,12,1,6656,1024,3,2,0.7192400159999579,1.3903564564739936,nan,nan,nan,ok,
amazon/chronos-2,6,GPU_off,nan,12,1,6656,1024,4,2,0.8707587419999072,1.1484237272235236,nan,nan,nan,ok,
amazon/chronos-2,6,GPU_off,nan,12,1,7168,1024,0,2,0.6583761889999096,1.5188884663630162,nan,nan,nan,ok,
amazon/chronos-2,6,GPU_off,nan,12,1,7168,1024,1,2,0.6384804849999455,1.5662185822329173,nan,nan,nan,ok,
amazon/chronos-2,6,GPU_off,nan,12,1,7168,1024,2,2,0.6198779439999953,1.6132208117409765,nan,nan,nan,ok,
amazon/chronos-2,6,GPU_off,nan,12,1,7168,1024,3,2,0.966615733000026,1.0345372683893332,nan,nan,nan,ok,
amazon/chronos-2,6,GPU_off,nan,12,1,7168,1024,4,2,0.6253686029999699,1.599056932508088,nan,nan,nan,ok,
amazon/chronos-2,6,GPU_off,nan,12,1,7680,1024,0,2,0.7017970379999952,1.4249133949750397,nan,nan,nan,ok,
amazon/chronos-2,6,GPU_off,nan,12,1,7680,1024,1,2,0.6590958130000217,1.5172300904906022,nan,nan,nan,ok,
amazon/chronos-2,6,GPU_off,nan,12,1,7680,1024,2,2,0.6810262319999083,1.4683722197651479,nan,nan,nan,ok,
amazon/chronos-2,6,GPU_off,nan,12,1,7680,1024,3,2,0.6563483340000857,1.5235812269158122,nan,nan,nan,ok,
amazon/chronos-2,6,GPU_off,nan,12,1,7680,1024,4,2,0.6637414880000279,1.5066106580337164,nan,nan,nan,ok,
amazon/chronos-2,6,GPU_off,nan,12,1,8192,1024,0,2,0.6877469459999475,1.4540231778798425,nan,nan,nan,ok,
amazon/chronos-2,6,GPU_off,nan,12,1,8192,1024,1,2,0.7009612109999352,1.426612463439282,nan,nan,nan,ok,
amazon/chronos-2,6,GPU_off,nan,12,1,8192,1024,2,2,0.7275919080000222,1.3743968136599582,nan,nan,nan,ok,
amazon/chronos-2,6,GPU_off,nan,12,1,8192,1024,3,2,0.6965849729999718,1.4355750393140343,nan,nan,nan,ok,
amazon/chronos-2,6,GPU_off,nan,12,1,8192,1024,4,2,0.763170131000038,1.310323818215509,nan,nan,nan,ok,
amazon/chronos-2,4,GPU_off,nan,8,1,512,1024,0,2,0.2846569329999511,3.513000682826059,nan,nan,nan,ok,
amazon/chronos-2,4,GPU_off,nan,8,1,512,1024,1,2,0.30056074999993143,3.3271144019976933,nan,nan,nan,ok,
amazon/chronos-2,4,GPU_off,nan,8,1,512,1024,2,2,0.27481006499999694,3.638876909402904,nan,nan,nan,ok,
amazon/chronos-2,4,GPU_off,nan,8,1,512,1024,3,2,0.2768984450000289,3.611432343001766,nan,nan,nan,ok,
amazon/chronos-2,4,GPU_off,nan,8,1,512,1024,4,2,0.2792415430000119,3.5811290442552717,nan,nan,nan,ok,
amazon/chronos-2,4,GPU_off,nan,8,1,1024,1024,0,2,0.27124591699998746,3.6866914387509335,nan,nan,nan,ok,
amazon/chronos-2,4,GPU_off,nan,8,1,1024,1024,1,2,0.2867906700000731,3.486863781167446,nan,nan,nan,ok,
amazon/chronos-2,4,GPU_off,nan,8,1,1024,1024,2,2,0.27624348600011217,3.6199948620674225,nan,nan,nan,ok,
amazon/chronos-2,4,GPU_off,nan,8,1,1024,1024,3,2,0.27667585300002884,3.6143378222453544,nan,nan,nan,ok,
amazon/chronos-2,4,GPU_off,nan,8,1,1024,1024,4,2,0.27871324399995956,3.587917049252762,nan,nan,nan,ok,
amazon/chronos-2,4,GPU_off,nan,8,1,1536,1024,0,2,0.3037695560000202,3.291969126754537,nan,nan,nan,ok,
amazon/chronos-2,4,GPU_off,nan,8,1,1536,1024,1,2,0.3072060220000594,3.255144523175417,nan,nan,nan,ok,
amazon/chronos-2,4,GPU_off,nan,8,1,1536,1024,2,2,0.31028970800002753,3.2227946148955455,nan,nan,nan,ok,
amazon/chronos-2,4,GPU_off,nan,8,1,1536,1024,3,2,0.31931951899991873,3.1316594836792753,nan,nan,nan,ok,
amazon/chronos-2,4,GPU_off,nan,8,1,1536,1024,4,2,0.45064085100000284,2.219062026402914,nan,nan,nan,ok,
amazon/chronos-2,4,GPU_off,nan,8,1,2048,1024,0,2,0.4884478779999881,2.047301349930369,nan,nan,nan,ok,
amazon/chronos-2,4,GPU_off,nan,8,1,2048,1024,1,2,0.3936639830000104,2.540237469476535,nan,nan,nan,ok,
amazon/chronos-2,4,GPU_off,nan,8,1,2048,1024,2,2,0.34189110700003766,2.924907900572827,nan,nan,nan,ok,
amazon/chronos-2,4,GPU_off,nan,8,1,2048,1024,3,2,0.3640665620000618,2.746750469217303,nan,nan,nan,ok,
amazon/chronos-2,4,GPU_off,nan,8,1,2048,1024,4,2,0.3335527540000385,2.998026513071107,nan,nan,nan,ok,
amazon/chronos-2,4,GPU_off,nan,8,1,2560,1024,0,2,0.3594120779999912,2.782321633609721,nan,nan,nan,ok,
amazon/chronos-2,4,GPU_off,nan,8,1,2560,1024,1,2,0.4052949269999999,2.467339049620032,nan,nan,nan,ok,
amazon/chronos-2,4,GPU_off,nan,8,1,2560,1024,2,2,0.3598756220000041,2.77873781625583,nan,nan,nan,ok,
amazon/chronos-2,4,GPU_off,nan,8,1,2560,1024,3,2,0.3720161530000041,2.688055322156909,nan,nan,nan,ok,
amazon/chronos-2,4,GPU_off,nan,8,1,2560,1024,4,2,0.3684176790000038,2.714310569227569,nan,nan,nan,ok,
amazon/chronos-2,4,GPU_off,nan,8,1,3072,1024,0,2,0.3929245260000016,2.54501802211246,nan,nan,nan,ok,
amazon/chronos-2,4,GPU_off,nan,8,1,3072,1024,1,2,0.7450239610000153,1.342238709554711,nan,nan,nan,ok,
amazon/chronos-2,4,GPU_off,nan,8,1,3072,1024,2,2,0.3980517830000281,2.5122359519739406,nan,nan,nan,ok,
amazon/chronos-2,4,GPU_off,nan,8,1,3072,1024,3,2,0.38440990500009775,2.601389784687639,nan,nan,nan,ok,
amazon/chronos-2,4,GPU_off,nan,8,1,3072,1024,4,2,0.39451158200006375,2.5347798280858544,nan,nan,nan,ok,
amazon/chronos-2,4,GPU_off,nan,8,1,3584,1024,0,2,0.41435679099993195,2.413379053319689,nan,nan,nan,ok,
amazon/chronos-2,4,GPU_off,nan,8,1,3584,1024,1,2,0.40789003200006846,2.451641181561976,nan,nan,nan,ok,
amazon/chronos-2,4,GPU_off,nan,8,1,3584,1024,2,2,0.45016122199990605,2.221426349336258,nan,nan,nan,ok,
amazon/chronos-2,4,GPU_off,nan,8,1,3584,1024,3,2,0.45365720400002374,2.204307550244364,nan,nan,nan,ok,
amazon/chronos-2,4,GPU_off,nan,8,1,3584,1024,4,2,0.6809484799999836,1.4685398813138169,nan,nan,nan,ok,
amazon/chronos-2,4,GPU_off,nan,8,1,4096,1024,0,2,0.4828762500000039,2.0709239686151304,nan,nan,nan,ok,
amazon/chronos-2,4,GPU_off,nan,8,1,4096,1024,1,2,0.478886788000068,2.088176214207559,nan,nan,nan,ok,
amazon/chronos-2,4,GPU_off,nan,8,1,4096,1024,2,2,0.45413710699995136,2.201978179246443,nan,nan,nan,ok,
amazon/chronos-2,4,GPU_off,nan,8,1,4096,1024,3,2,0.4338028800000302,2.305194469893631,nan,nan,nan,ok,
amazon/chronos-2,4,GPU_off,nan,8,1,4096,1024,4,2,0.43374134700002287,2.305521497815488,nan,nan,nan,ok,
amazon/chronos-2,4,GPU_off,nan,8,1,4608,1024,0,2,0.4718721369999912,2.1192181559133223,nan,nan,nan,ok,
amazon/chronos-2,4,GPU_off,nan,8,1,4608,1024,1,2,0.47286416299994016,2.1147722289966104,nan,nan,nan,ok,
amazon/chronos-2,4,GPU_off,nan,8,1,4608,1024,2,2,0.4655855989999509,2.1478327554545036,nan,nan,nan,ok,
amazon/chronos-2,4,GPU_off,nan,8,1,4608,1024,3,2,0.4650651760000528,2.15023624989691,nan,nan,nan,ok,
amazon/chronos-2,4,GPU_off,nan,8,1,4608,1024,4,2,0.463972818000002,2.1552986752771273,nan,nan,nan,ok,
amazon/chronos-2,4,GPU_off,nan,8,1,5120,1024,0,2,0.519135371999937,1.926279837468138,nan,nan,nan,ok,
amazon/chronos-2,4,GPU_off,nan,8,1,5120,1024,1,2,0.515609832999985,1.9394509879334072,nan,nan,nan,ok,
amazon/chronos-2,4,GPU_off,nan,8,1,5120,1024,2,2,0.536455822999983,1.8640863928138063,nan,nan,nan,ok,
amazon/chronos-2,4,GPU_off,nan,8,1,5120,1024,3,2,0.5667322660000309,1.76450161741796,nan,nan,nan,ok,
amazon/chronos-2,4,GPU_off,nan,8,1,5120,1024,4,2,0.9021657130000449,1.108443809812522,nan,nan,nan,ok,
amazon/chronos-2,4,GPU_off,nan,8,1,5632,1024,0,2,0.584173719999967,1.7118195594284118,nan,nan,nan,ok,
amazon/chronos-2,4,GPU_off,nan,8,1,5632,1024,1,2,0.6986018020000984,1.4314306048696095,nan,nan,nan,ok,
amazon/chronos-2,4,GPU_off,nan,8,1,5632,1024,2,2,0.6760429689999228,1.4791959177969267,nan,nan,nan,ok,
amazon/chronos-2,4,GPU_off,nan,8,1,5632,1024,3,2,0.5440845560000298,1.8379496145814975,nan,nan,nan,ok,
amazon/chronos-2,4,GPU_off,nan,8,1,5632,1024,4,2,0.5417410080000309,1.8459005045450483,nan,nan,nan,ok,
amazon/chronos-2,4,GPU_off,nan,8,1,6144,1024,0,2,0.580460543000072,1.7227699833507477,nan,nan,nan,ok,
amazon/chronos-2,4,GPU_off,nan,8,1,6144,1024,1,2,0.5558320070000491,1.7991047428110984,nan,nan,nan,ok,
amazon/chronos-2,4,GPU_off,nan,8,1,6144,1024,2,2,0.5668165170000066,1.764239343787486,nan,nan,nan,ok,
amazon/chronos-2,4,GPU_off,nan,8,1,6144,1024,3,2,0.5805924439999899,1.7223785985062139,nan,nan,nan,ok,
amazon/chronos-2,4,GPU_off,nan,8,1,6144,1024,4,2,0.5741785779999873,1.7416184412230409,nan,nan,nan,ok,
amazon/chronos-2,4,GPU_off,nan,8,1,6656,1024,0,2,0.5951748070000349,1.680178643717259,nan,nan,nan,ok,
amazon/chronos-2,4,GPU_off,nan,8,1,6656,1024,1,2,0.5968147239999553,1.67556187839641,nan,nan,nan,ok,
amazon/chronos-2,4,GPU_off,nan,8,1,6656,1024,2,2,0.5911631980000038,1.6915802664698243,nan,nan,nan,ok,
amazon/chronos-2,4,GPU_off,nan,8,1,6656,1024,3,2,0.5947226170000022,1.6814561468073381,nan,nan,nan,ok,
amazon/chronos-2,4,GPU_off,nan,8,1,6656,1024,4,2,0.5985486419999688,1.6707079923506902,nan,nan,nan,ok,
amazon/chronos-2,4,GPU_off,nan,8,1,7168,1024,0,2,0.6264348669999436,1.5963351541862534,nan,nan,nan,ok,
amazon/chronos-2,4,GPU_off,nan,8,1,7168,1024,1,2,0.630167981999989,1.5868784650503196,nan,nan,nan,ok,
amazon/chronos-2,4,GPU_off,nan,8,1,7168,1024,2,2,0.6335149159999673,1.578494799008097,nan,nan,nan,ok,
amazon/chronos-2,4,GPU_off,nan,8,1,7168,1024,3,2,0.9561740039999904,1.0458347495504698,nan,nan,nan,ok,
amazon/chronos-2,4,GPU_off,nan,8,1,7168,1024,4,2,0.6356733259999601,1.5731350665484158,nan,nan,nan,ok,
amazon/chronos-2,4,GPU_off,nan,8,1,7680,1024,0,2,0.6861078800000087,1.4574967423490128,nan,nan,nan,ok,
amazon/chronos-2,4,GPU_off,nan,8,1,7680,1024,1,2,0.7140216180000607,1.4005178201760202,nan,nan,nan,ok,
amazon/chronos-2,4,GPU_off,nan,8,1,7680,1024,2,2,0.9101302349999969,1.0987438517521653,nan,nan,nan,ok,
amazon/chronos-2,4,GPU_off,nan,8,1,7680,1024,3,2,0.661185512999964,1.5124348315841798,nan,nan,nan,ok,
amazon/chronos-2,4,GPU_off,nan,8,1,7680,1024,4,2,0.692034456999977,1.4450147530732464,nan,nan,nan,ok,
amazon/chronos-2,4,GPU_off,nan,8,1,8192,1024,0,2,0.7207302130000244,1.3874817261198487,nan,nan,nan,ok,
amazon/chronos-2,4,GPU_off,nan,8,1,8192,1024,1,2,0.7070811820000245,1.4142647625997284,nan,nan,nan,ok,
amazon/chronos-2,4,GPU_off,nan,8,1,8192,1024,2,2,0.682136059999948,1.4659831940274148,nan,nan,nan,ok,
amazon/chronos-2,4,GPU_off,nan,8,1,8192,1024,3,2,0.6968870670000342,1.4349527310139492,nan,nan,nan,ok,
amazon/chronos-2,4,GPU_off,nan,8,1,8192,1024,4,2,0.7184732719999829,1.3918402242248251,nan,nan,nan,ok,
amazon/chronos-2,3,GPU_off,nan,6,1,512,1024,0,2,0.3270011939999904,3.0580928092881194,nan,nan,nan,ok,
amazon/chronos-2,3,GPU_off,nan,6,1,512,1024,1,2,0.29722469700004694,3.364457967635987,nan,nan,nan,ok,
amazon/chronos-2,3,GPU_off,nan,6,1,512,1024,2,2,0.29913238400001774,3.343001471883234,nan,nan,nan,ok,
amazon/chronos-2,3,GPU_off,nan,6,1,512,1024,3,2,0.29884419500001513,3.346225279697835,nan,nan,nan,ok,
amazon/chronos-2,3,GPU_off,nan,6,1,512,1024,4,2,0.30334774800007835,3.2965466419079585,nan,nan,nan,ok,
amazon/chronos-2,3,GPU_off,nan,6,1,1024,1024,0,2,0.29558932699990237,3.3830720823026548,nan,nan,nan,ok,
amazon/chronos-2,3,GPU_off,nan,6,1,1024,1024,1,2,0.2940984539999363,3.400221886240234,nan,nan,nan,ok,
amazon/chronos-2,3,GPU_off,nan,6,1,1024,1024,2,2,0.30200112599993645,3.3112459322426844,nan,nan,nan,ok,
amazon/chronos-2,3,GPU_off,nan,6,1,1024,1024,3,2,0.302233957999988,3.308695047430904,nan,nan,nan,ok,
amazon/chronos-2,3,GPU_off,nan,6,1,1024,1024,4,2,0.30065733700007513,3.3260455573041616,nan,nan,nan,ok,
amazon/chronos-2,3,GPU_off,nan,6,1,1536,1024,0,2,0.36566005100007715,2.734780562615491,nan,nan,nan,ok,
amazon/chronos-2,3,GPU_off,nan,6,1,1536,1024,1,2,0.36209646199995404,2.7616950314199062,nan,nan,nan,ok,
amazon/chronos-2,3,GPU_off,nan,6,1,1536,1024,2,2,0.36150095799996507,2.7662443981686393,nan,nan,nan,ok,
amazon/chronos-2,3,GPU_off,nan,6,1,1536,1024,3,2,0.38014586200006306,2.6305692102991616,nan,nan,nan,ok,
amazon/chronos-2,3,GPU_off,nan,6,1,1536,1024,4,2,0.3513568690000284,2.846109150636583,nan,nan,nan,ok,
amazon/chronos-2,3,GPU_off,nan,6,1,2048,1024,0,2,0.5325491689999353,1.8777608870893223,nan,nan,nan,ok,
amazon/chronos-2,3,GPU_off,nan,6,1,2048,1024,1,2,0.6577325700000074,1.5203747626485773,nan,nan,nan,ok,
amazon/chronos-2,3,GPU_off,nan,6,1,2048,1024,2,2,0.4424961339999527,2.2599067498296086,nan,nan,nan,ok,
amazon/chronos-2,3,GPU_off,nan,6,1,2048,1024,3,2,0.4424125539999295,2.2603336884517056,nan,nan,nan,ok,
amazon/chronos-2,3,GPU_off,nan,6,1,2048,1024,4,2,0.37755148600001576,2.6486453823676865,nan,nan,nan,ok,
amazon/chronos-2,3,GPU_off,nan,6,1,2560,1024,0,2,0.41518403999998554,2.40857042578042,nan,nan,nan,ok,
amazon/chronos-2,3,GPU_off,nan,6,1,2560,1024,1,2,0.4057358850000128,2.464657519755662,nan,nan,nan,ok,
amazon/chronos-2,3,GPU_off,nan,6,1,2560,1024,2,2,0.40589210099994943,2.463708945151718,nan,nan,nan,ok,
amazon/chronos-2,3,GPU_off,nan,6,1,2560,1024,3,2,0.40548678400000426,2.4661716225009926,nan,nan,nan,ok,
amazon/chronos-2,3,GPU_off,nan,6,1,2560,1024,4,2,0.4503264840000156,2.220611124439142,nan,nan,nan,ok,
amazon/chronos-2,3,GPU_off,nan,6,1,3072,1024,0,2,0.45253288599997177,2.209784152571096,nan,nan,nan,ok,
amazon/chronos-2,3,GPU_off,nan,6,1,3072,1024,1,2,0.8250461879999875,1.2120533547632306,nan,nan,nan,ok,
amazon/chronos-2,3,GPU_off,nan,6,1,3072,1024,2,2,0.45782974799999465,2.1842180512918783,nan,nan,nan,ok,
amazon/chronos-2,3,GPU_off,nan,6,1,3072,1024,3,2,0.4551406479999969,2.1971230308570613,nan,nan,nan,ok,
amazon/chronos-2,3,GPU_off,nan,6,1,3072,1024,4,2,0.45291388800001187,2.207925229265599,nan,nan,nan,ok,
amazon/chronos-2,3,GPU_off,nan,6,1,3584,1024,0,2,0.49733357499997055,2.010722883529549,nan,nan,nan,ok,
amazon/chronos-2,3,GPU_off,nan,6,1,3584,1024,1,2,0.4794660750000048,2.085653296742611,nan,nan,nan,ok,
amazon/chronos-2,3,GPU_off,nan,6,1,3584,1024,2,2,0.49900253299995256,2.003997843433983,nan,nan,nan,ok,
amazon/chronos-2,3,GPU_off,nan,6,1,3584,1024,3,2,0.4914645520000249,2.03473474522319,nan,nan,nan,ok,
amazon/chronos-2,3,GPU_off,nan,6,1,3584,1024,4,2,0.49062009299996134,2.0382369459949508,nan,nan,nan,ok,
amazon/chronos-2,3,GPU_off,nan,6,1,4096,1024,0,2,0.54082236499994,1.8490359584151277,nan,nan,nan,ok,
amazon/chronos-2,3,GPU_off,nan,6,1,4096,1024,1,2,0.5566900519999081,1.7963317224863309,nan,nan,nan,ok,
amazon/chronos-2,3,GPU_off,nan,6,1,4096,1024,2,2,0.5874755239999558,1.7021985753402642,nan,nan,nan,ok,
amazon/chronos-2,3,GPU_off,nan,6,1,4096,1024,3,2,0.5383160339999904,1.8576448347069259,nan,nan,nan,ok,
amazon/chronos-2,3,GPU_off,nan,6,1,4096,1024,4,2,0.9097353069998917,1.09922083083461,nan,nan,nan,ok,
amazon/chronos-2,3,GPU_off,nan,6,1,4608,1024,0,2,0.5875452199999245,1.7019966565299067,nan,nan,nan,ok,
amazon/chronos-2,3,GPU_off,nan,6,1,4608,1024,1,2,0.5931346459999531,1.68595782887395,nan,nan,nan,ok,
amazon/chronos-2,3,GPU_off,nan,6,1,4608,1024,2,2,0.5869786850000764,1.7036393749116627,nan,nan,nan,ok,
amazon/chronos-2,3,GPU_off,nan,6,1,4608,1024,3,2,0.5801363709999805,1.7237326428548188,nan,nan,nan,ok,
amazon/chronos-2,3,GPU_off,nan,6,1,4608,1024,4,2,0.5850017969999044,1.7093964584867136,nan,nan,nan,ok,
amazon/chronos-2,3,GPU_off,nan,6,1,5120,1024,0,2,0.6593984660000842,1.516533706949619,nan,nan,nan,ok,
amazon/chronos-2,3,GPU_off,nan,6,1,5120,1024,1,2,0.6923945679999406,1.444263208026909,nan,nan,nan,ok,
amazon/chronos-2,3,GPU_off,nan,6,1,5120,1024,2,2,0.6144081019999703,1.6275827039794608,nan,nan,nan,ok,
amazon/chronos-2,3,GPU_off,nan,6,1,5120,1024,3,2,0.6823537300000453,1.4655155471927055,nan,nan,nan,ok,
amazon/chronos-2,3,GPU_off,nan,6,1,5120,1024,4,2,0.9680527770000253,1.0330015302460869,nan,nan,nan,ok,
amazon/chronos-2,3,GPU_off,nan,6,1,5632,1024,0,2,0.7001165359999959,1.4283336395871185,nan,nan,nan,ok,
amazon/chronos-2,3,GPU_off,nan,6,1,5632,1024,1,2,0.6952232590000449,1.4383868592634865,nan,nan,nan,ok,
amazon/chronos-2,3,GPU_off,nan,6,1,5632,1024,2,2,0.6993486269999494,1.4299019993644349,nan,nan,nan,ok,
amazon/chronos-2,3,GPU_off,nan,6,1,5632,1024,3,2,0.7035467450000397,1.421369663219668,nan,nan,nan,ok,
amazon/chronos-2,3,GPU_off,nan,6,1,5632,1024,4,2,1.0837020830000483,0.9227628290901378,nan,nan,nan,ok,
amazon/chronos-2,3,GPU_off,nan,6,1,6144,1024,0,2,0.8500064130000737,1.1764617121775918,nan,nan,nan,ok,
amazon/chronos-2,3,GPU_off,nan,6,1,6144,1024,1,2,0.7807793270000047,1.2807716155117845,nan,nan,nan,ok,
amazon/chronos-2,3,GPU_off,nan,6,1,6144,1024,2,2,0.7918534270000919,1.262859976231288,nan,nan,nan,ok,
amazon/chronos-2,3,GPU_off,nan,6,1,6144,1024,3,2,0.7765851290000683,1.2876888349479483,nan,nan,nan,ok,
amazon/chronos-2,3,GPU_off,nan,6,1,6144,1024,4,2,0.7507928200000151,1.331925363910619,nan,nan,nan,ok,
amazon/chronos-2,3,GPU_off,nan,6,1,6656,1024,0,2,0.7692383520000021,1.2999871852463192,nan,nan,nan,ok,
amazon/chronos-2,3,GPU_off,nan,6,1,6656,1024,1,2,0.7302122119999694,1.369464908373844,nan,nan,nan,ok,
amazon/chronos-2,3,GPU_off,nan,6,1,6656,1024,2,2,0.7635789900000418,1.3096222042462762,nan,nan,nan,ok,
amazon/chronos-2,3,GPU_off,nan,6,1,6656,1024,3,2,0.7361091719999422,1.3584941446702672,nan,nan,nan,ok,
amazon/chronos-2,3,GPU_off,nan,6,1,6656,1024,4,2,0.7631552949999332,1.3103492913589594,nan,nan,nan,ok,
amazon/chronos-2,3,GPU_off,nan,6,1,7168,1024,0,2,0.8054146020000417,1.2415965609721442,nan,nan,nan,ok,
amazon/chronos-2,3,GPU_off,nan,6,1,7168,1024,1,2,0.7859512999999652,1.272343464537872,nan,nan,nan,ok,
amazon/chronos-2,3,GPU_off,nan,6,1,7168,1024,2,2,0.8435961339999949,1.1854013546249917,nan,nan,nan,ok,
amazon/chronos-2,3,GPU_off,nan,6,1,7168,1024,3,2,1.4688930910000408,0.6807847392890843,nan,nan,nan,ok,
amazon/chronos-2,3,GPU_off,nan,6,1,7168,1024,4,2,0.9061903880000273,1.103520864094588,nan,nan,nan,ok,
amazon/chronos-2,3,GPU_off,nan,6,1,7680,1024,0,2,0.8629576330000646,1.1588054404519361,nan,nan,nan,ok,
amazon/chronos-2,3,GPU_off,nan,6,1,7680,1024,1,2,0.8466040700000121,1.1811896911858524,nan,nan,nan,ok,
amazon/chronos-2,3,GPU_off,nan,6,1,7680,1024,2,2,0.8201725050000732,1.2192556979216351,nan,nan,nan,ok,
amazon/chronos-2,3,GPU_off,nan,6,1,7680,1024,3,2,0.8679077980000329,1.1521961230263795,nan,nan,nan,ok,
amazon/chronos-2,3,GPU_off,nan,6,1,7680,1024,4,2,0.8237124040000481,1.2140159540440059,nan,nan,nan,ok,
amazon/chronos-2,3,GPU_off,nan,6,1,8192,1024,0,2,0.8936393279999493,1.1190196857585668,nan,nan,nan,ok,
amazon/chronos-2,3,GPU_off,nan,6,1,8192,1024,1,2,0.883035963999987,1.1324567070520979,nan,nan,nan,ok,
amazon/chronos-2,3,GPU_off,nan,6,1,8192,1024,2,2,0.8616815309999311,1.1605215662909225,nan,nan,nan,ok,
amazon/chronos-2,3,GPU_off,nan,6,1,8192,1024,3,2,0.905815592999943,1.1039774626622738,nan,nan,nan,ok,
amazon/chronos-2,3,GPU_off,nan,6,1,8192,1024,4,2,0.9003205840000419,1.1107154693243728,nan,nan,nan,ok,
amazon/chronos-2,2,GPU_off,nan,4,1,512,1024,0,2,0.42500963500003763,2.3528878351191063,nan,nan,nan,ok,
amazon/chronos-2,2,GPU_off,nan,4,1,512,1024,1,2,0.47835356099994897,2.0905039316726373,nan,nan,nan,ok,
amazon/chronos-2,2,GPU_off,nan,4,1,512,1024,2,2,0.42638739199992415,2.345285106366789,nan,nan,nan,ok,
amazon/chronos-2,2,GPU_off,nan,4,1,512,1024,3,2,0.404294506000042,2.473444444975703,nan,nan,nan,ok,
amazon/chronos-2,2,GPU_off,nan,4,1,512,1024,4,2,0.45320315800006483,2.2065159572428596,nan,nan,nan,ok,
amazon/chronos-2,2,GPU_off,nan,4,1,1024,1024,0,2,0.43448746499996105,2.3015623707351134,nan,nan,nan,ok,
amazon/chronos-2,2,GPU_off,nan,4,1,1024,1024,1,2,0.4584999979999793,2.18102509130228,nan,nan,nan,ok,
amazon/chronos-2,2,GPU_off,nan,4,1,1024,1024,2,2,0.4292474699999502,2.3296584601887482,nan,nan,nan,ok,
amazon/chronos-2,2,GPU_off,nan,4,1,1024,1024,3,2,0.40958669400004055,2.441485562516591,nan,nan,nan,ok,
amazon/chronos-2,2,GPU_off,nan,4,1,1024,1024,4,2,0.40278477599997586,2.482715483765106,nan,nan,nan,ok,
amazon/chronos-2,2,GPU_off,nan,4,1,1536,1024,0,2,0.4761869559999923,2.1000155241547946,nan,nan,nan,ok,
amazon/chronos-2,2,GPU_off,nan,4,1,1536,1024,1,2,0.5025994530000162,1.989655965662119,nan,nan,nan,ok,
amazon/chronos-2,2,GPU_off,nan,4,1,1536,1024,2,2,0.5024718710000116,1.9901611567027937,nan,nan,nan,ok,
amazon/chronos-2,2,GPU_off,nan,4,1,1536,1024,3,2,0.49635589100000743,2.0146834522006007,nan,nan,nan,ok,
amazon/chronos-2,2,GPU_off,nan,4,1,1536,1024,4,2,0.4884716499999513,2.0472017158009064,nan,nan,nan,ok,
amazon/chronos-2,2,GPU_off,nan,4,1,2048,1024,0,2,0.5295823889999838,1.888280314396993,nan,nan,nan,ok,
amazon/chronos-2,2,GPU_off,nan,4,1,2048,1024,1,2,0.5596567149999601,1.7868096159626556,nan,nan,nan,ok,
amazon/chronos-2,2,GPU_off,nan,4,1,2048,1024,2,2,0.5913456499999938,1.6910583514058324,nan,nan,nan,ok,
amazon/chronos-2,2,GPU_off,nan,4,1,2048,1024,3,2,0.5374147730000232,1.8607601618721354,nan,nan,nan,ok,
amazon/chronos-2,2,GPU_off,nan,4,1,2048,1024,4,2,0.5104033229999914,1.9592348931474668,nan,nan,nan,ok,
amazon/chronos-2,2,GPU_off,nan,4,1,2560,1024,0,2,0.5803044499999714,1.7232333820635861,nan,nan,nan,ok,
amazon/chronos-2,2,GPU_off,nan,4,1,2560,1024,1,2,0.6024874539999701,1.6597855994525816,nan,nan,nan,ok,
amazon/chronos-2,2,GPU_off,nan,4,1,2560,1024,2,2,0.6004526230000238,1.665410328301556,nan,nan,nan,ok,
amazon/chronos-2,2,GPU_off,nan,4,1,2560,1024,3,2,0.6031660260000535,1.6579183125276211,nan,nan,nan,ok,
amazon/chronos-2,2,GPU_off,nan,4,1,2560,1024,4,2,0.6007759650000253,1.6645139923331618,nan,nan,nan,ok,
amazon/chronos-2,2,GPU_off,nan,4,1,3072,1024,0,2,0.878692853000075,1.1380540954507052,nan,nan,nan,ok,
amazon/chronos-2,2,GPU_off,nan,4,1,3072,1024,1,2,1.307876100000044,0.764598420293762,nan,nan,nan,ok,
amazon/chronos-2,2,GPU_off,nan,4,1,3072,1024,2,2,0.7048885420000488,1.4186640020599608,nan,nan,nan,ok,
amazon/chronos-2,2,GPU_off,nan,4,1,3072,1024,3,2,0.6804696210000429,1.4695733198645424,nan,nan,nan,ok,
amazon/chronos-2,2,GPU_off,nan,4,1,3072,1024,4,2,0.6853608029999805,1.4590854855176603,nan,nan,nan,ok,
amazon/chronos-2,2,GPU_off,nan,4,1,3584,1024,0,2,0.7232403499999691,1.3826662187750485,nan,nan,nan,ok,
amazon/chronos-2,2,GPU_off,nan,4,1,3584,1024,1,2,0.71372442400002,1.4011009941281931,nan,nan,nan,ok,
amazon/chronos-2,2,GPU_off,nan,4,1,3584,1024,2,2,0.6898541170000954,1.449581839633874,nan,nan,nan,ok,
amazon/chronos-2,2,GPU_off,nan,4,1,3584,1024,3,2,0.7060108110000556,1.4164089053870328,nan,nan,nan,ok,
amazon/chronos-2,2,GPU_off,nan,4,1,3584,1024,4,2,0.6894054120000419,1.450525311512842,nan,nan,nan,ok,
amazon/chronos-2,2,GPU_off,nan,4,1,4096,1024,0,2,0.801050886999974,1.2483601431927913,nan,nan,nan,ok,
amazon/chronos-2,2,GPU_off,nan,4,1,4096,1024,1,2,0.7876477759999716,1.2696030262136309,nan,nan,nan,ok,
amazon/chronos-2,2,GPU_off,nan,4,1,4096,1024,2,2,0.8091251909999073,1.2359026898720231,nan,nan,nan,ok,
amazon/chronos-2,2,GPU_off,nan,4,1,4096,1024,3,2,0.794502859999966,1.2586487102136332,nan,nan,nan,ok,
amazon/chronos-2,2,GPU_off,nan,4,1,4096,1024,4,2,0.7868383159999439,1.2709091304598736,nan,nan,nan,ok,
amazon/chronos-2,2,GPU_off,nan,4,1,4608,1024,0,2,0.8300512010000602,1.2047449588593842,nan,nan,nan,ok,
amazon/chronos-2,2,GPU_off,nan,4,1,4608,1024,1,2,0.8117664439999999,1.231881420316507,nan,nan,nan,ok,
amazon/chronos-2,2,GPU_off,nan,4,1,4608,1024,2,2,0.8008174720000625,1.2487240038637943,nan,nan,nan,ok,
amazon/chronos-2,2,GPU_off,nan,4,1,4608,1024,3,2,0.7917055289999553,1.2630958902903613,nan,nan,nan,ok,
amazon/chronos-2,2,GPU_off,nan,4,1,4608,1024,4,2,0.8032019209999817,1.2450169426325648,nan,nan,nan,ok,
amazon/chronos-2,2,GPU_off,nan,4,1,5120,1024,0,2,0.8832282079999914,1.1322102158222846,nan,nan,nan,ok,
amazon/chronos-2,2,GPU_off,nan,4,1,5120,1024,1,2,0.8994654470000114,1.1117714452904242,nan,nan,nan,ok,
amazon/chronos-2,2,GPU_off,nan,4,1,5120,1024,2,2,0.8949361310001223,1.1173981755351248,nan,nan,nan,ok,
amazon/chronos-2,2,GPU_off,nan,4,1,5120,1024,3,2,0.9002830940000877,1.1107617222454502,nan,nan,nan,ok,
amazon/chronos-2,2,GPU_off,nan,4,1,5120,1024,4,2,1.0933037110000896,0.9146589277422823,nan,nan,nan,ok,
amazon/chronos-2,2,GPU_off,nan,4,1,5632,1024,0,2,0.9752605399999084,1.0253670265384611,nan,nan,nan,ok,
amazon/chronos-2,2,GPU_off,nan,4,1,5632,1024,1,2,0.9422724460000609,1.0612641855813487,nan,nan,nan,ok,
amazon/chronos-2,2,GPU_off,nan,4,1,5632,1024,2,2,0.9683317300000454,1.0327039474374686,nan,nan,nan,ok,
amazon/chronos-2,2,GPU_off,nan,4,1,5632,1024,3,2,1.0114204909998534,0.988708463886703,nan,nan,nan,ok,
amazon/chronos-2,2,GPU_off,nan,4,1,5632,1024,4,2,0.9991581050001059,1.0008426043843122,nan,nan,nan,ok,
amazon/chronos-2,2,GPU_off,nan,4,1,6144,1024,0,2,1.1990331189999779,0.8340053199147858,nan,nan,nan,ok,
amazon/chronos-2,2,GPU_off,nan,4,1,6144,1024,1,2,1.1002432539999063,0.9088899171747025,nan,nan,nan,ok,
amazon/chronos-2,2,GPU_off,nan,4,1,6144,1024,2,2,1.493746525000006,0.669457624344931,nan,nan,nan,ok,
amazon/chronos-2,2,GPU_off,nan,4,1,6144,1024,3,2,1.0773217579999255,0.9282277950614538,nan,nan,nan,ok,
amazon/chronos-2,2,GPU_off,nan,4,1,6144,1024,4,2,1.0389216850001048,0.9625364591363776,nan,nan,nan,ok,
amazon/chronos-2,2,GPU_off,nan,4,1,6656,1024,0,2,1.0791578410000966,0.9266485049798294,nan,nan,nan,ok,
amazon/chronos-2,2,GPU_off,nan,4,1,6656,1024,1,2,1.115513233999991,0.8964483517727663,nan,nan,nan,ok,
amazon/chronos-2,2,GPU_off,nan,4,1,6656,1024,2,2,1.0917789820000507,0.9159362989092178,nan,nan,nan,ok,
amazon/chronos-2,2,GPU_off,nan,4,1,6656,1024,3,2,1.1168373519999477,0.8953855261102037,nan,nan,nan,ok,
amazon/chronos-2,2,GPU_off,nan,4,1,6656,1024,4,2,1.0977025269999103,0.9109936211343729,nan,nan,nan,ok,
amazon/chronos-2,2,GPU_off,nan,4,1,7168,1024,0,2,1.1687131819999195,0.8556419277215519,nan,nan,nan,ok,
amazon/chronos-2,2,GPU_off,nan,4,1,7168,1024,1,2,1.1895009770000797,0.8406886747768791,nan,nan,nan,ok,
amazon/chronos-2,2,GPU_off,nan,4,1,7168,1024,2,2,1.1433619379999982,0.8746136868516272,nan,nan,nan,ok,
amazon/chronos-2,2,GPU_off,nan,4,1,7168,1024,3,2,1.5630540029999338,0.6397731607997694,nan,nan,nan,ok,
amazon/chronos-2,2,GPU_off,nan,4,1,7168,1024,4,2,1.1951588790000187,0.83670884061598,nan,nan,nan,ok,
amazon/chronos-2,2,GPU_off,nan,4,1,7680,1024,0,2,1.3083036010000342,0.7643485802803152,nan,nan,nan,ok,
amazon/chronos-2,2,GPU_off,nan,4,1,7680,1024,1,2,1.3069425740000042,0.7651445594425916,nan,nan,nan,ok,
amazon/chronos-2,2,GPU_off,nan,4,1,7680,1024,2,2,1.3005596709999736,0.768899745469672,nan,nan,nan,ok,
amazon/chronos-2,2,GPU_off,nan,4,1,7680,1024,3,2,1.394687433999934,0.7170065318019114,nan,nan,nan,ok,
amazon/chronos-2,2,GPU_off,nan,4,1,7680,1024,4,2,1.8164481329999944,0.550524940312184,nan,nan,nan,ok,
amazon/chronos-2,2,GPU_off,nan,4,1,8192,1024,0,2,1.3095368340000277,0.7636287686123832,nan,nan,nan,ok,
amazon/chronos-2,2,GPU_off,nan,4,1,8192,1024,1,2,1.2743802160000541,0.7846951698126154,nan,nan,nan,ok,
amazon/chronos-2,2,GPU_off,nan,4,1,8192,1024,2,2,1.2896862860000056,0.7753823630252944,nan,nan,nan,ok,
amazon/chronos-2,2,GPU_off,nan,4,1,8192,1024,3,2,1.3215277369999967,0.7566999708005391,nan,nan,nan,ok,
amazon/chronos-2,2,GPU_off,nan,4,1,8192,1024,4,2,1.3072058559998823,0.7649904530416134,nan,nan,nan,ok,
amazon/chronos-2,1,GPU_off,nan,2,1,512,1024,0,2,0.9209539819999009,1.0858305838783024,nan,nan,nan,ok,
amazon/chronos-2,1,GPU_off,nan,2,1,512,1024,1,2,0.8883921280000777,1.1256290645564033,nan,nan,nan,ok,
amazon/chronos-2,1,GPU_off,nan,2,1,512,1024,2,2,0.8862896890000229,1.1282992597242933,nan,nan,nan,ok,
amazon/chronos-2,1,GPU_off,nan,2,1,512,1024,3,2,1.1074603560000469,0.902966859790652,nan,nan,nan,ok,
amazon/chronos-2,1,GPU_off,nan,2,1,512,1024,4,2,1.3056442019999395,0.7659054422852991,nan,nan,nan,ok,
amazon/chronos-2,1,GPU_off,nan,2,1,1024,1024,0,2,0.898581336999996,1.1128653120468766,nan,nan,nan,ok,
amazon/chronos-2,1,GPU_off,nan,2,1,1024,1024,1,2,1.0890840280001157,0.9182027963777041,nan,nan,nan,ok,
amazon/chronos-2,1,GPU_off,nan,2,1,1024,1024,2,2,0.9077754009999808,1.1015940715053825,nan,nan,nan,ok,
amazon/chronos-2,1,GPU_off,nan,2,1,1024,1024,3,2,0.9004199739999876,1.1105928665238758,nan,nan,nan,ok,
amazon/chronos-2,1,GPU_off,nan,2,1,1024,1024,4,2,0.9085505740001736,1.1006541942923356,nan,nan,nan,ok,
amazon/chronos-2,1,GPU_off,nan,2,1,1536,1024,0,2,0.9954335720001382,1.0045873759217168,nan,nan,nan,ok,
amazon/chronos-2,1,GPU_off,nan,2,1,1536,1024,1,2,0.9883037020001666,1.0118347204165703,nan,nan,nan,ok,
amazon/chronos-2,1,GPU_off,nan,2,1,1536,1024,2,2,0.9928842280000936,1.0071667690947608,nan,nan,nan,ok,
amazon/chronos-2,1,GPU_off,nan,2,1,1536,1024,3,2,0.9999712599999384,1.0000287408260728,nan,nan,nan,ok,
amazon/chronos-2,1,GPU_off,nan,2,1,1536,1024,4,2,1.0002740300001278,0.9997260450717412,nan,nan,nan,ok,
amazon/chronos-2,1,GPU_off,nan,2,1,2048,1024,0,2,1.1048519879998366,0.9050986112722167,nan,nan,nan,ok,
amazon/chronos-2,1,GPU_off,nan,2,1,2048,1024,1,2,1.0937184819999857,0.9143120615200623,nan,nan,nan,ok,
amazon/chronos-2,1,GPU_off,nan,2,1,2048,1024,2,2,1.1035371960001612,0.9061769767476455,nan,nan,nan,ok,
amazon/chronos-2,1,GPU_off,nan,2,1,2048,1024,3,2,1.0956968570001209,0.9126611923829674,nan,nan,nan,ok,
amazon/chronos-2,1,GPU_off,nan,2,1,2048,1024,4,2,1.1030847489998905,0.9065486590279196,nan,nan,nan,ok,
amazon/chronos-2,1,GPU_off,nan,2,1,2560,1024,0,2,1.1984210059999896,0.8344313016823144,nan,nan,nan,ok,
amazon/chronos-2,1,GPU_off,nan,2,1,2560,1024,1,2,1.2120913239998572,0.8250203431042114,nan,nan,nan,ok,
amazon/chronos-2,1,GPU_off,nan,2,1,2560,1024,2,2,1.1942944979998629,0.8373144158955297,nan,nan,nan,ok,
amazon/chronos-2,1,GPU_off,nan,2,1,2560,1024,3,2,1.1920133259998238,0.8389167958011132,nan,nan,nan,ok,
amazon/chronos-2,1,GPU_off,nan,2,1,2560,1024,4,2,1.2047940889999609,0.8300173524506995,nan,nan,nan,ok,
amazon/chronos-2,1,GPU_off,nan,2,1,3072,1024,0,2,1.3018694679999498,0.7681261636285939,nan,nan,nan,ok,
amazon/chronos-2,1,GPU_off,nan,2,1,3072,1024,1,2,1.6889823210001396,0.5920725087328592,nan,nan,nan,ok,
amazon/chronos-2,1,GPU_off,nan,2,1,3072,1024,2,2,1.3170897530001184,0.7592497001226841,nan,nan,nan,ok,
amazon/chronos-2,1,GPU_off,nan,2,1,3072,1024,3,2,1.2889562110001407,0.7758215457327827,nan,nan,nan,ok,
amazon/chronos-2,1,GPU_off,nan,2,1,3072,1024,4,2,1.3079382420000911,0.7645620931388979,nan,nan,nan,ok,
amazon/chronos-2,1,GPU_off,nan,2,1,3584,1024,0,2,1.4836688660000164,0.6740048422637649,nan,nan,nan,ok,
amazon/chronos-2,1,GPU_off,nan,2,1,3584,1024,1,2,1.4963087670000732,0.6683112617223281,nan,nan,nan,ok,
amazon/chronos-2,1,GPU_off,nan,2,1,3584,1024,2,2,1.4143377829998371,0.7070446763282963,nan,nan,nan,ok,
amazon/chronos-2,1,GPU_off,nan,2,1,3584,1024,3,2,1.4881280940001034,0.6719851631266431,nan,nan,nan,ok,
amazon/chronos-2,1,GPU_off,nan,2,1,3584,1024,4,2,1.4102666619999127,0.7090857544500772,nan,nan,nan,ok,
amazon/chronos-2,1,GPU_off,nan,2,1,4096,1024,0,2,1.5924989289999303,0.6279439073958987,nan,nan,nan,ok,
amazon/chronos-2,1,GPU_off,nan,2,1,4096,1024,1,2,1.6093562139999449,0.6213664764213812,nan,nan,nan,ok,
amazon/chronos-2,1,GPU_off,nan,2,1,4096,1024,2,2,1.5991843650001556,0.625318769921755,nan,nan,nan,ok,
amazon/chronos-2,1,GPU_off,nan,2,1,4096,1024,3,2,1.8973953129998335,0.5270382998991248,nan,nan,nan,ok,
amazon/chronos-2,1,GPU_off,nan,2,1,4096,1024,4,2,2.287216446000002,0.4372126659673376,nan,nan,nan,ok,
amazon/chronos-2,1,GPU_off,nan,2,1,4608,1024,0,2,1.6987319909999314,0.5886743790651555,nan,nan,nan,ok,
amazon/chronos-2,1,GPU_off,nan,2,1,4608,1024,1,2,1.7064276809999228,0.5860195607082661,nan,nan,nan,ok,
amazon/chronos-2,1,GPU_off,nan,2,1,4608,1024,2,2,1.6887944180000432,0.592138385431337,nan,nan,nan,ok,
amazon/chronos-2,1,GPU_off,nan,2,1,4608,1024,3,2,1.6117358780002178,0.6204490535017207,nan,nan,nan,ok,
amazon/chronos-2,1,GPU_off,nan,2,1,4608,1024,4,2,1.6900175210000725,0.59170984180581,nan,nan,nan,ok,
amazon/chronos-2,1,GPU_off,nan,2,1,5120,1024,0,2,1.8151448799999343,0.5509202108429142,nan,nan,nan,ok,
amazon/chronos-2,1,GPU_off,nan,2,1,5120,1024,1,2,1.8913801930000318,0.5287144296535324,nan,nan,nan,ok,
amazon/chronos-2,1,GPU_off,nan,2,1,5120,1024,2,2,1.8908477159998256,0.5288633196308085,nan,nan,nan,ok,
amazon/chronos-2,1,GPU_off,nan,2,1,5120,1024,3,2,1.9021034560000771,0.5257337590369003,nan,nan,nan,ok,
amazon/chronos-2,1,GPU_off,nan,2,1,5120,1024,4,2,2.289712052999903,0.4367361383671951,nan,nan,nan,ok,
amazon/chronos-2,1,GPU_off,nan,2,1,5632,1024,0,2,1.99929615200017,0.500176023947009,nan,nan,nan,ok,
amazon/chronos-2,1,GPU_off,nan,2,1,5632,1024,1,2,2.0016967700000805,0.49957616707347724,nan,nan,nan,ok,
amazon/chronos-2,1,GPU_off,nan,2,1,5632,1024,2,2,2.014264307999838,0.49645917669712314,nan,nan,nan,ok,
amazon/chronos-2,1,GPU_off,nan,2,1,5632,1024,3,2,1.9858482409999851,0.5035631521855085,nan,nan,nan,ok,
amazon/chronos-2,1,GPU_off,nan,2,1,5632,1024,4,2,2.009768263999831,0.4975698034010174,nan,nan,nan,ok,
amazon/chronos-2,1,GPU_off,nan,2,1,6144,1024,0,2,2.0920095609999407,0.478009287644947,nan,nan,nan,ok,
amazon/chronos-2,1,GPU_off,nan,2,1,6144,1024,1,2,2.1007135180000205,0.4760287356802691,nan,nan,nan,ok,
amazon/chronos-2,1,GPU_off,nan,2,1,6144,1024,2,2,2.1030125659999612,0.47550833322030583,nan,nan,nan,ok,
amazon/chronos-2,1,GPU_off,nan,2,1,6144,1024,3,2,2.1045221750000564,0.47516724312965397,nan,nan,nan,ok,
amazon/chronos-2,1,GPU_off,nan,2,1,6144,1024,4,2,2.0968160490001537,0.47691355685532844,nan,nan,nan,ok,
amazon/chronos-2,1,GPU_off,nan,2,1,6656,1024,0,2,2.2067448930001774,0.4531561410528297,nan,nan,nan,ok,
amazon/chronos-2,1,GPU_off,nan,2,1,6656,1024,1,2,2.1997972870001377,0.4545873412562025,nan,nan,nan,ok,
amazon/chronos-2,1,GPU_off,nan,2,1,6656,1024,2,2,2.287919738000028,0.4370782695699563,nan,nan,nan,ok,
amazon/chronos-2,1,GPU_off,nan,2,1,6656,1024,3,2,2.3904830069998297,0.41832550035779076,nan,nan,nan,ok,
amazon/chronos-2,1,GPU_off,nan,2,1,6656,1024,4,2,2.5052582039998015,0.39916045316344534,nan,nan,nan,ok,
amazon/chronos-2,1,GPU_off,nan,2,1,7168,1024,0,2,3.3934644700000263,0.29468409315627586,nan,nan,nan,ok,
amazon/chronos-2,1,GPU_off,nan,2,1,7168,1024,1,2,2.4050811770000564,0.4157863815837334,nan,nan,nan,ok,
amazon/chronos-2,1,GPU_off,nan,2,1,7168,1024,2,2,2.4870174049999605,0.4020880585674936,nan,nan,nan,ok,
amazon/chronos-2,1,GPU_off,nan,2,1,7168,1024,3,2,2.7220274029998563,0.36737323029809804,nan,nan,nan,ok,
amazon/chronos-2,1,GPU_off,nan,2,1,7168,1024,4,2,2.399348621000172,0.41677978399952087,nan,nan,nan,ok,
amazon/chronos-2,1,GPU_off,nan,2,1,7680,1024,0,2,2.695008899999948,0.3710562885339708,nan,nan,nan,ok,
amazon/chronos-2,1,GPU_off,nan,2,1,7680,1024,1,2,2.6864868749999005,0.3722333465708955,nan,nan,nan,ok,
amazon/chronos-2,1,GPU_off,nan,2,1,7680,1024,2,2,2.6057166330001564,0.383771584114511,nan,nan,nan,ok,
amazon/chronos-2,1,GPU_off,nan,2,1,7680,1024,3,2,2.7030439599998317,0.3699532877741516,nan,nan,nan,ok,
amazon/chronos-2,1,GPU_off,nan,2,1,7680,1024,4,2,2.5908628570000474,0.3859717998188052,nan,nan,nan,ok,
amazon/chronos-2,1,GPU_off,nan,2,1,8192,1024,0,2,2.6192729069998677,0.3817853410110696,nan,nan,nan,ok,
amazon/chronos-2,1,GPU_off,nan,2,1,8192,1024,1,2,2.5865839430000506,0.386610302250678,nan,nan,nan,ok,
amazon/chronos-2,1,GPU_off,nan,2,1,8192,1024,2,2,2.6085369730001275,0.38335665177476136,nan,nan,nan,ok,
amazon/chronos-2,1,GPU_off,nan,2,1,8192,1024,3,2,2.7913504109999394,0.3582495397422254,nan,nan,nan,ok,
amazon/chronos-2,1,GPU_off,nan,2,1,8192,1024,4,2,2.708034586999929,0.36927150221808674,nan,nan,nan,ok,