report_schema_version,case_id,split,hardware_model,cpu_cores,mem_cap_gb,gpu_mode,input_scale,repeat_count,latency_s,latency_mean_s,latency_std_s,predicted_latency_s,residual_s,fitted_predicted_latency_s,fitted_residual_s,resource_config_oof_predicted_latency_s,resource_config_oof_residual_s,max_scale_holdout_predicted_latency_s,max_scale_holdout_residual_s
2,0,out_of_fold_test,cpu,1,2,off,85.000000,5,0.625996000,0.617411800,0.030602839,0.639149773,-0.013153773,0.637020487,-0.011024487,0.639149773,-0.013153773,,
2,1,out_of_fold_test,cpu,1,2,off,170.000000,5,0.918259000,0.919632400,0.048632617,0.922489670,-0.004230670,0.921846493,-0.003587493,0.922489670,-0.004230670,,
2,2,out_of_fold_test,cpu,1,2,off,255.000000,5,1.212500000,1.219224800,0.034267613,1.227410570,-0.014910570,1.227650529,-0.015150529,1.227410570,-0.014910570,,
2,3,out_of_fold_test,cpu,1,2,off,340.000000,5,1.632744000,1.631991800,0.066825303,1.551605274,0.081138726,1.552439602,0.080304398,1.551605274,0.081138726,,
2,4,out_of_fold_test,cpu,1,2,off,425.000000,5,1.868711000,1.898465400,0.089522241,1.895050114,-0.026339114,1.896256346,-0.027545346,1.895050114,-0.026339114,,
2,5,out_of_fold_test,cpu,1,2,off,510.000000,5,2.243148000,2.235591200,0.149927965,2.257806437,-0.014658437,2.259181724,-0.016033724,2.257806437,-0.014658437,2.315580553,-0.072432553
2,6,out_of_fold_test,cpu,1,4,off,85.000000,5,0.705490000,0.674875600,0.055058497,0.626884143,0.078605857,0.637819055,0.067670945,0.626884143,0.078605857,,
2,7,out_of_fold_test,cpu,1,4,off,170.000000,5,0.920029000,0.913235400,0.028627342,0.916399991,0.003629009,0.923002118,-0.002973118,0.916399991,0.003629009,,
2,8,out_of_fold_test,cpu,1,4,off,255.000000,5,1.235412000,1.244387800,0.053774969,1.225641787,0.009770213,1.229189509,0.006222491,1.225641787,0.009770213,,
2,9,out_of_fold_test,cpu,1,4,off,340.000000,5,1.574380000,1.580588200,0.045188752,1.553489430,0.020890570,1.554385737,0.019994263,1.553489430,0.020890570,,
2,10,out_of_fold_test,cpu,1,4,off,425.000000,5,1.904318000,1.951520200,0.103366285,1.900155099,0.004162901,1.898633489,0.005684511,1.900155099,0.004162901,,
2,11,out_of_fold_test,cpu,1,4,off,510.000000,5,2.243957000,2.236273600,0.076137981,2.265764420,-0.021807420,2.262013830,-0.018056830,2.265764420,-0.021807420,2.317657905,-0.073700905
2,12,out_of_fold_test,cpu,1,8,off,85.000000,5,0.624990000,0.637346000,0.030143362,0.643502236,-0.018512236,0.638618623,-0.013628623,0.643502236,-0.018512236,,
2,13,out_of_fold_test,cpu,1,8,off,170.000000,5,0.884518000,0.876131400,0.017777928,0.931809900,-0.047291900,0.924159191,-0.039641191,0.931809900,-0.047291900,,
2,14,out_of_fold_test,cpu,1,8,off,255.000000,5,1.157978000,1.168440200,0.022937501,1.239913043,-0.081935043,1.230730419,-0.072752419,1.239913043,-0.081935043,,
2,15,out_of_fold_test,cpu,1,8,off,340.000000,5,1.516127000,1.511316200,0.056191748,1.566218496,-0.050091496,1.556334312,-0.040207312,1.566218496,-0.050091496,,
2,16,out_of_fold_test,cpu,1,8,off,425.000000,5,1.922638000,1.926675800,0.039174628,1.910875573,0.011762427,1.901013613,0.021624387,1.910875573,0.011762427,,
2,17,out_of_fold_test,cpu,1,8,off,510.000000,5,2.204348000,2.188763000,0.070108917,2.274004257,-0.069656257,2.264849486,-0.060501486,2.274004257,-0.069656257,2.319737120,-0.115389120
2,18,out_of_fold_test,cpu,1,16,off,85.000000,5,0.656367000,0.651050800,0.031939975,0.633796931,0.022570069,0.639419194,0.016947806,0.633796931,0.022570069,,
2,19,out_of_fold_test,cpu,1,16,off,170.000000,5,0.910464000,0.921734200,0.030137199,0.915773925,-0.005309925,0.925317715,-0.014853715,0.915773925,-0.005309925,,
2,20,out_of_fold_test,cpu,1,16,off,255.000000,5,1.314861000,1.343599600,0.077757792,1.218357983,0.096503017,1.232273260,0.082587740,1.218357983,0.096503017,,
2,21,out_of_fold_test,cpu,1,16,off,340.000000,5,1.589754000,1.660669600,0.124888341,1.539545531,0.050208469,1.558285330,0.031468670,1.539545531,0.050208469,,
2,22,out_of_fold_test,cpu,1,16,off,425.000000,5,2.018576000,1.999490800,0.087546720,1.879380838,0.139195162,1.903396720,0.115179280,1.879380838,0.139195162,,
2,23,out_of_fold_test,cpu,1,16,off,510.000000,5,2.304961000,2.343351400,0.065198628,2.237947492,0.067013508,2.267688697,0.037272303,2.237947492,0.067013508,2.321818201,-0.016857201
2,24,out_of_fold_test,cpu,2,2,off,85.000000,5,0.293496000,0.292020400,0.005440826,0.286208897,0.007287103,0.286886994,0.006609006,0.286208897,0.007287103,,
2,25,out_of_fold_test,cpu,2,2,off,170.000000,5,0.416874000,0.414862600,0.007777899,0.418302748,-0.001428748,0.418718932,-0.001844932,0.418302748,-0.001428748,,
2,26,out_of_fold_test,cpu,2,2,off,255.000000,5,0.547784000,0.554369400,0.017700706,0.559933649,-0.012149649,0.560411354,-0.012627354,0.559933649,-0.012149649,,
2,27,out_of_fold_test,cpu,2,2,off,340.000000,5,0.729544000,0.734979200,0.011953516,0.710444300,0.019099700,0.711189330,0.018354670,0.710444300,0.019099700,,
2,28,out_of_fold_test,cpu,2,2,off,425.000000,5,0.892015000,0.889375400,0.003810115,0.869894028,0.022120972,0.871085536,0.020929464,0.869894028,0.022120972,,
2,29,out_of_fold_test,cpu,2,2,off,510.000000,5,1.031312000,1.029728200,0.016389562,1.038326647,-0.007014647,1.040135373,-0.008823373,1.038326647,-0.007014647,1.066168653,-0.034856653
2,30,out_of_fold_test,cpu,2,4,off,85.000000,5,0.284894000,0.280721000,0.005479176,0.287455032,-0.002561032,0.287246635,-0.002352635,0.287455032,-0.002561032,,
2,31,out_of_fold_test,cpu,2,4,off,170.000000,5,0.420305000,0.410145000,0.014374768,0.419114807,0.001190193,0.419243837,0.001061163,0.419114807,0.001190193,,
2,32,out_of_fold_test,cpu,2,4,off,255.000000,5,0.561775000,0.557217000,0.012168072,0.560934250,0.000840750,0.561113885,0.000661115,0.560934250,0.000840750,,
2,33,out_of_fold_test,cpu,2,4,off,340.000000,5,0.707539000,0.711223800,0.027765990,0.712035304,-0.004496304,0.712080875,-0.004541875,0.712035304,-0.004496304,,
2,34,out_of_fold_test,cpu,2,4,off,425.000000,5,0.899409000,0.887953000,0.029777414,0.872427170,0.026981830,0.872177527,0.027231473,0.872427170,0.026981830,,
2,35,out_of_fold_test,cpu,2,4,off,510.000000,5,1.010507000,0.998974800,0.016195194,1.042137852,-0.031630852,1.041439285,-0.030932285,1.042137852,-0.031630852,1.067125133,-0.056618133
2,36,out_of_fold_test,cpu,2,8,off,85.000000,5,0.272755000,0.277294400,0.007016887,0.289021728,-0.016266728,0.287606727,-0.014851727,0.289021728,-0.016266728,,
2,37,out_of_fold_test,cpu,2,8,off,170.000000,5,0.403868000,0.407464800,0.011425005,0.420779803,-0.016911803,0.419769400,-0.015901400,0.420779803,-0.016911803,,
2,38,out_of_fold_test,cpu,2,8,off,255.000000,5,0.547530000,0.543592600,0.007637967,0.562565128,-0.015035128,0.561817296,-0.014287296,0.562565128,-0.015035128,,
2,39,out_of_fold_test,cpu,2,8,off,340.000000,5,0.729525000,0.728103000,0.020593064,0.713503547,0.016021453,0.712973538,0.016551462,0.713503547,0.016021453,,
2,40,out_of_fold_test,cpu,2,8,off,425.000000,5,0.883585000,0.875678400,0.016632089,0.873609489,0.009975511,0.873270887,0.010314113,0.873609489,0.009975511,,
2,41,out_of_fold_test,cpu,2,8,off,510.000000,5,1.021175000,1.018501200,0.015627303,1.042913853,-0.021738853,1.042744831,-0.021569831,1.042913853,-0.021738853,1.068082471,-0.046907471
2,42,out_of_fold_test,cpu,2,16,off,85.000000,5,0.288300000,0.286032000,0.007451561,0.287814167,0.000485833,0.287967270,0.000332730,0.287814167,0.000485833,,
2,43,out_of_fold_test,cpu,2,16,off,170.000000,5,0.429024000,0.433138800,0.010465600,0.419822015,0.009201985,0.420295622,0.008728378,0.419822015,0.009201985,,
2,44,out_of_fold_test,cpu,2,16,off,255.000000,5,0.566251000,0.565107200,0.024977099,0.562061758,0.004189242,0.562521589,0.003729411,0.562061758,0.004189242,,
2,45,out_of_fold_test,cpu,2,16,off,340.000000,5,0.700686000,0.713686200,0.022330771,0.713650748,-0.012964748,0.713867321,-0.013181321,0.713650748,-0.012964748,,
2,46,out_of_fold_test,cpu,2,16,off,425.000000,5,0.893404000,0.879638400,0.030332717,0.874596440,0.018807560,0.874365618,0.019038382,0.874596440,0.018807560,,
2,47,out_of_fold_test,cpu,2,16,off,510.000000,5,1.019353000,1.021359600,0.014735680,1.044926000,-0.025573000,1.044052014,-0.024699014,1.044926000,-0.025573000,1.069040669,-0.049687669
2,48,out_of_fold_test,cpu,4,2,off,85.000000,5,0.128266000,0.127840800,0.001303245,0.129390952,-0.001124952,0.129201727,-0.000935727,0.129390952,-0.001124952,,
2,49,out_of_fold_test,cpu,4,2,off,170.000000,5,0.191119000,0.191277000,0.001216142,0.190325030,0.000793970,0.190189522,0.000929478,0.190325030,0.000793970,,
2,50,out_of_fold_test,cpu,4,2,off,255.000000,5,0.252369000,0.253237800,0.001812406,0.256050323,-0.003681323,0.255822711,-0.003453711,0.256050323,-0.003681323,,
2,51,out_of_fold_test,cpu,4,2,off,340.000000,5,0.328328000,0.327406600,0.002462661,0.326224382,0.002103618,0.325803504,0.002524496,0.326224382,0.002103618,,
2,52,out_of_fold_test,cpu,4,2,off,425.000000,5,0.401165000,0.401521400,0.001464654,0.400856606,0.000308394,0.400151600,0.001013400,0.400856606,0.000308394,,
2,53,out_of_fold_test,cpu,4,2,off,510.000000,5,0.464497000,0.465077800,0.002836105,0.479958873,-0.015461873,0.478882058,-0.014385058,0.479958873,-0.015461873,0.490898749,-0.026401749
2,54,out_of_fold_test,cpu,4,4,off,85.000000,5,0.127137000,0.126304600,0.001634795,0.129563025,-0.002426025,0.129363694,-0.002226694,0.129563025,-0.002426025,,
2,55,out_of_fold_test,cpu,4,4,off,170.000000,5,0.189425000,0.189340400,0.001867490,0.190604514,-0.001179514,0.190427943,-0.001002943,0.190604514,-0.001179514,,
2,56,out_of_fold_test,cpu,4,4,off,255.000000,5,0.249632000,0.250019200,0.001703908,0.256320744,-0.006688744,0.256143410,-0.006511410,0.256320744,-0.006688744,,
2,57,out_of_fold_test,cpu,4,4,off,340.000000,5,0.328631000,0.328082400,0.002450474,0.326401504,0.002229496,0.326211931,0.002419069,0.326401504,0.002229496,,
2,58,out_of_fold_test,cpu,4,4,off,425.000000,5,0.403942000,0.403272800,0.001701335,0.400864210,0.003077790,0.400653229,0.003288771,0.400864210,0.003077790,,
2,59,out_of_fold_test,cpu,4,4,off,510.000000,5,0.471448000,0.468190800,0.004680310,0.479723363,-0.008275363,0.479482384,-0.008034384,0.479723363,-0.008275363,0.491339143,-0.019891143
2,60,out_of_fold_test,cpu,4,8,off,85.000000,5,0.127439000,0.126970200,0.000671889,0.129709126,-0.002270126,0.129525865,-0.002086865,0.129709126,-0.002270126,,
2,61,out_of_fold_test,cpu,4,8,off,170.000000,5,0.189878000,0.189827200,0.001719598,0.190810288,-0.000932288,0.190666663,-0.000788663,0.190810288,-0.000932288,,
2,62,out_of_fold_test,cpu,4,8,off,255.000000,5,0.251785000,0.250850600,0.003684647,0.256618181,-0.004833181,0.256464510,-0.004679510,0.256618181,-0.004833181,,
2,63,out_of_fold_test,cpu,4,8,off,340.000000,5,0.327650000,0.327778400,0.002385077,0.326814902,0.000835098,0.326620870,0.001029130,0.326814902,0.000835098,,
2,64,out_of_fold_test,cpu,4,8,off,425.000000,5,0.402098000,0.404625400,0.004796419,0.401416095,0.000681905,0.401155487,0.000942513,0.401416095,0.000681905,,
2,65,out_of_fold_test,cpu,4,8,off,510.000000,5,0.472393000,0.470722000,0.005917595,0.480435693,-0.008042693,0.480083462,-0.007690462,0.480435693,-0.008042693,0.491779933,-0.019386933
2,66,out_of_fold_test,cpu,4,16,off,85.000000,5,0.127467000,0.127227000,0.001465170,0.130039038,-0.002572038,0.129688238,-0.002221238,0.130039038,-0.002572038,,
2,67,out_of_fold_test,cpu,4,16,off,170.000000,5,0.187818000,0.187974200,0.002271992,0.191290883,-0.003472883,0.190905683,-0.003087683,0.191290883,-0.003472883,,
2,68,out_of_fold_test,cpu,4,16,off,255.000000,5,0.252773000,0.253689800,0.004341369,0.257215031,-0.004442031,0.256786014,-0.004013014,0.257215031,-0.004442031,,
2,69,out_of_fold_test,cpu,4,16,off,340.000000,5,0.331060000,0.328939600,0.005255615,0.327504209,0.003555791,0.327030321,0.004029679,0.327504209,0.003555791,,
2,70,out_of_fold_test,cpu,4,16,off,425.000000,5,0.403116000,0.402365800,0.001744689,0.402176984,0.000939016,0.401658375,0.001457625,0.402176984,0.000939016,,
2,71,out_of_fold_test,cpu,4,16,off,510.000000,5,0.475356000,0.473173800,0.003879872,0.481248300,-0.005892300,0.480685294,-0.005329294,0.481248300,-0.005892300,0.492221118,-0.016865118
2,72,out_of_fold_test,cpu,8,2,off,85.000000,5,0.058910000,0.058945800,0.000306130,0.057957819,0.000952181,0.058186975,0.000723025,0.057957819,0.000952181,,
2,73,out_of_fold_test,cpu,8,2,off,170.000000,5,0.087242000,0.087240400,0.000221593,0.086110996,0.001131004,0.086387435,0.000854565,0.086110996,0.001131004,,
2,74,out_of_fold_test,cpu,8,2,off,255.000000,5,0.117476000,0.117518600,0.000220340,0.116475905,0.001000095,0.116780752,0.000695248,0.116475905,0.001000095,,
2,75,out_of_fold_test,cpu,8,2,off,340.000000,5,0.149476000,0.149509400,0.000349442,0.148937475,0.000538525,0.149254100,0.000221900,0.148937475,0.000538525,,
2,76,out_of_fold_test,cpu,8,2,off,425.000000,5,0.187008000,0.187183000,0.000573494,0.183505339,0.003502661,0.183818117,0.003189883,0.183505339,0.003502661,,
2,77,out_of_fold_test,cpu,8,2,off,510.000000,5,0.218322000,0.218549600,0.000502593,0.220185286,-0.001863286,0.220479018,-0.002157018,0.220185286,-0.001863286,0.226025761,-0.007703761
2,78,out_of_fold_test,cpu,8,4,off,85.000000,5,0.059069000,0.059073600,0.000195013,0.058093809,0.000975191,0.058259918,0.000809082,0.058093809,0.000975191,,
2,79,out_of_fold_test,cpu,8,4,off,170.000000,5,0.087246000,0.087411600,0.000279644,0.086311668,0.000934332,0.086495730,0.000750270,0.086311668,0.000934332,,
2,80,out_of_fold_test,cpu,8,4,off,255.000000,5,0.117285000,0.117386200,0.000207972,0.116722994,0.000562006,0.116927148,0.000357852,0.116722994,0.000562006,,
2,81,out_of_fold_test,cpu,8,4,off,340.000000,5,0.150399000,0.150398400,0.000276493,0.149218034,0.001180966,0.149441205,0.000957795,0.149218034,0.001180966,,
2,82,out_of_fold_test,cpu,8,4,off,425.000000,5,0.187205000,0.187417400,0.000570736,0.183807827,0.003397173,0.184048551,0.003156449,0.183807827,0.003397173,,
2,83,out_of_fold_test,cpu,8,4,off,510.000000,5,0.220202000,0.219853800,0.000843001,0.220498614,-0.000296614,0.220755410,-0.000553410,0.220498614,-0.000296614,0.226228533,-0.006026533
2,84,out_of_fold_test,cpu,8,8,off,85.000000,5,0.059062000,0.059029200,0.000131665,0.058190374,0.000871626,0.058332953,0.000729047,0.058190374,0.000871626,,
2,85,out_of_fold_test,cpu,8,8,off,170.000000,5,0.086933000,0.087027200,0.000146475,0.086452797,0.000480203,0.086604161,0.000328839,0.086452797,0.000480203,,
2,86,out_of_fold_test,cpu,8,8,off,255.000000,5,0.117314000,0.117525200,0.000504207,0.116923827,0.000390173,0.117073728,0.000240272,0.116923827,0.000390173,,
2,87,out_of_fold_test,cpu,8,8,off,340.000000,5,0.151042000,0.150849800,0.000619702,0.149490600,0.001551400,0.149628544,0.001413456,0.149490600,0.001551400,,
2,88,out_of_fold_test,cpu,8,8,off,425.000000,5,0.186934000,0.187059000,0.000461325,0.184163461,0.002770539,0.184279274,0.002654726,0.184163461,0.002770539,,
2,89,out_of_fold_test,cpu,8,8,off,510.000000,5,0.218862000,0.219217400,0.000539479,0.220948442,-0.002086442,0.221032149,-0.002170149,0.220948442,-0.002086442,0.226431487,-0.007569487
2,90,out_of_fold_test,cpu,8,16,off,85.000000,5,0.058776000,0.058828800,0.000134208,0.058284439,0.000491561,0.058406079,0.000369921,0.058284439,0.000491561,,
2,91,out_of_fold_test,cpu,8,16,off,170.000000,5,0.087071000,0.087077000,0.000170697,0.086536961,0.000534039,0.086712727,0.000358273,0.086536961,0.000534039,,
2,92,out_of_fold_test,cpu,8,16,off,255.000000,5,0.117156000,0.117419200,0.000537086,0.116993896,0.000162104,0.117220491,-0.000064491,0.116993896,0.000162104,,
2,93,out_of_fold_test,cpu,8,16,off,340.000000,5,0.150936000,0.150963000,0.000422833,0.149540614,0.001395386,0.149816118,0.001119882,0.149540614,0.001395386,,
2,94,out_of_fold_test,cpu,8,16,off,425.000000,5,0.187987000,0.187906000,0.000169139,0.184187352,0.003799648,0.184510286,0.003476714,0.184187352,0.003799648,,
2,95,out_of_fold_test,cpu,8,16,off,510.000000,5,0.219552000,0.219509600,0.000381718,0.220940193,-0.001388193,0.221309234,-0.001757234,0.220940193,-0.001388193,0.226634623,-0.007082623
2,96,out_of_fold_test,gpu,1,2,on,85.000000,5,0.015652000,0.015602600,0.000158335,0.015088029,0.000563971,0.015035834,0.000616166,0.015088029,0.000563971,,
2,97,out_of_fold_test,gpu,1,2,on,170.000000,5,0.019853000,0.019864200,0.000068997,0.020869223,-0.001016223,0.020808233,-0.000955233,0.020869223,-0.001016223,,
2,98,out_of_fold_test,gpu,1,2,on,255.000000,5,0.023885000,0.023892000,0.000037379,0.025229705,-0.001344705,0.025163898,-0.001278898,0.025229705,-0.001344705,,
2,99,out_of_fold_test,gpu,1,2,on,340.000000,5,0.027878000,0.028035000,0.000522838,0.028865565,-0.000987565,0.028796712,-0.000918712,0.028865565,-0.000987565,,
2,100,out_of_fold_test,gpu,1,2,on,425.000000,5,0.032787000,0.032704600,0.000194402,0.032042861,0.000744139,0.031971973,0.000815027,0.032042861,0.000744139,,
2,101,out_of_fold_test,gpu,1,2,on,510.000000,5,0.036194000,0.036132200,0.000219968,0.034896827,0.001297173,0.034824558,0.001369442,0.034896827,0.001297173,0.034018655,0.002175345
2,102,out_of_fold_test,gpu,1,4,on,85.000000,5,0.015804000,0.015722800,0.000127896,0.014974297,0.000829703,0.015021520,0.000782480,0.014974297,0.000829703,,
2,103,out_of_fold_test,gpu,1,4,on,170.000000,5,0.020241000,0.020250000,0.000043850,0.020740534,-0.000499534,0.020788425,-0.000547425,0.020740534,-0.000499534,,
2,104,out_of_fold_test,gpu,1,4,on,255.000000,5,0.024067000,0.023900000,0.000254400,0.025094390,-0.001027390,0.025139943,-0.001072943,0.025094390,-0.001027390,,
2,105,out_of_fold_test,gpu,1,4,on,340.000000,5,0.028281000,0.028345400,0.000198944,0.028727210,-0.000446210,0.028769299,-0.000488299,0.028727210,-0.000446210,,
2,106,out_of_fold_test,gpu,1,4,on,425.000000,5,0.032815000,0.032870000,0.000390343,0.031903457,0.000911543,0.031941537,0.000873463,0.031903457,0.000911543,,
2,107,out_of_fold_test,gpu,1,4,on,510.000000,5,0.036226000,0.036174000,0.000326719,0.034757629,0.001468371,0.034791407,0.001434593,0.034757629,0.001468371,0.033989266,0.002236734
2,108,out_of_fold_test,gpu,1,8,on,85.000000,5,0.015596000,0.015594200,0.000115262,0.015006152,0.000589848,0.015007221,0.000588779,0.015006152,0.000589848,,
2,109,out_of_fold_test,gpu,1,8,on,170.000000,5,0.020163000,0.020235800,0.000219076,0.020774594,-0.000611594,0.020768635,-0.000605635,0.020774594,-0.000611594,,
2,110,out_of_fold_test,gpu,1,8,on,255.000000,5,0.023945000,0.023934800,0.000074174,0.025128480,-0.001183480,0.025116011,-0.001171011,0.025128480,-0.001183480,,
2,111,out_of_fold_test,gpu,1,8,on,340.000000,5,0.028097000,0.028135400,0.000377669,0.028760455,-0.000663455,0.028741912,-0.000644912,0.028760455,-0.000663455,,
2,112,out_of_fold_test,gpu,1,8,on,425.000000,5,0.032520000,0.032583400,0.000217875,0.031935399,0.000584601,0.031911130,0.000608870,0.031935399,0.000584601,,
2,113,out_of_fold_test,gpu,1,8,on,510.000000,5,0.035970000,0.035907800,0.000525764,0.034787998,0.001182002,0.034758287,0.001211713,0.034787998,0.001182002,0.033959903,0.002010097
2,114,out_of_fold_test,gpu,1,16,on,85.000000,5,0.015570000,0.015593600,0.000106028,0.014996752,0.000573248,0.014992934,0.000577066,0.014996752,0.000573248,,
2,115,out_of_fold_test,gpu,1,16,on,170.000000,5,0.020142000,0.020185600,0.000463250,0.020757589,-0.000615589,0.020748865,-0.000606865,0.020757589,-0.000615589,,
2,116,out_of_fold_test,gpu,1,16,on,255.000000,5,0.023903000,0.023877000,0.000056925,0.025105087,-0.001202087,0.025092102,-0.001189102,0.025105087,-0.001202087,,
2,117,out_of_fold_test,gpu,1,16,on,340.000000,5,0.028132000,0.028302800,0.000530402,0.028731387,-0.000599387,0.028714551,-0.000582551,0.028731387,-0.000599387,,
2,118,out_of_fold_test,gpu,1,16,on,425.000000,5,0.032710000,0.032660000,0.000156113,0.031901147,0.000808853,0.031880753,0.000829247,0.031901147,0.000808853,,
2,119,out_of_fold_test,gpu,1,16,on,510.000000,5,0.035776000,0.035814800,0.000285472,0.034748929,0.001027071,0.034725199,0.001050801,0.034748929,0.001027071,0.033930565,0.001845435
2,120,out_of_fold_test,gpu,2,2,on,85.000000,5,0.006619000,0.006605600,0.000026785,0.006319662,0.000299338,0.006334038,0.000284962,0.006319662,0.000299338,,
2,121,out_of_fold_test,gpu,2,2,on,170.000000,5,0.008599000,0.008603600,0.000041113,0.008755227,-0.000156227,0.008787010,-0.000188010,0.008755227,-0.000156227,,
2,122,out_of_fold_test,gpu,2,2,on,255.000000,5,0.010244000,0.010233000,0.000030509,0.010594553,-0.000350553,0.010641422,-0.000397422,0.010594553,-0.000350553,,
2,123,out_of_fold_test,gpu,2,2,on,340.000000,5,0.011843000,0.011848800,0.000035119,0.012129446,-0.000286446,0.012189940,-0.000346940,0.012129446,-0.000286446,,
2,124,out_of_fold_test,gpu,2,2,on,425.000000,5,0.013960000,0.013953200,0.000031745,0.013471547,0.000488453,0.013544626,0.000415374,0.013471547,0.000488453,,
2,125,out_of_fold_test,gpu,2,2,on,510.000000,5,0.015830000,0.015835400,0.000028717,0.014677639,0.001152361,0.014762506,0.001067494,0.014677639,0.001152361,0.014204773,0.001625227
2,126,out_of_fold_test,gpu,2,4,on,85.000000,5,0.006574000,0.006573000,0.000008944,0.006343802,0.000230198,0.006328008,0.000245992,0.006343802,0.000230198,,
2,127,out_of_fold_test,gpu,2,4,on,170.000000,5,0.008448000,0.008449200,0.000027021,0.008788313,-0.000340313,0.008778645,-0.000330645,0.008788313,-0.000340313,,
2,128,out_of_fold_test,gpu,2,4,on,255.000000,5,0.010132000,0.010118000,0.000031452,0.010634336,-0.000502336,0.010631291,-0.000499291,0.010634336,-0.000502336,,
2,129,out_of_fold_test,gpu,2,4,on,340.000000,5,0.011701000,0.011700400,0.000021143,0.012174788,-0.000473788,0.012178336,-0.000477336,0.012174788,-0.000473788,,
2,130,out_of_fold_test,gpu,2,4,on,425.000000,5,0.013729000,0.013728800,0.000050257,0.013521728,0.000207272,0.013531732,0.000197268,0.013521728,0.000207272,,
2,131,out_of_fold_test,gpu,2,4,on,510.000000,5,0.015783000,0.015791800,0.000019302,0.014732155,0.001050845,0.014748453,0.001034547,0.014732155,0.001050845,0.014192502,0.001590498
2,132,out_of_fold_test,gpu,2,8,on,85.000000,5,0.006604000,0.006594600,0.000018725,0.006323985,0.000280015,0.006321985,0.000282015,0.006323985,0.000280015,,
2,133,out_of_fold_test,gpu,2,8,on,170.000000,5,0.008524000,0.008522600,0.000058236,0.008768684,-0.000244684,0.008770288,-0.000246288,0.008768684,-0.000244684,,
2,134,out_of_fold_test,gpu,2,8,on,255.000000,5,0.010136000,0.010152600,0.000041855,0.010616126,-0.000480126,0.010621171,-0.000485171,0.010616126,-0.000480126,,
2,135,out_of_fold_test,gpu,2,8,on,340.000000,5,0.011688000,0.011709200,0.000045688,0.012158443,-0.000470443,0.012166742,-0.000478742,0.012158443,-0.000470443,,
2,136,out_of_fold_test,gpu,2,8,on,425.000000,5,0.013723000,0.013761200,0.000084785,0.013507457,0.000215543,0.013518850,0.000204150,0.013507457,0.000215543,,
2,137,out_of_fold_test,gpu,2,8,on,510.000000,5,0.015750000,0.015747000,0.000029373,0.014720062,0.001029938,0.014734413,0.001015587,0.014720062,0.001029938,0.014180241,0.001569759
2,138,out_of_fold_test,gpu,2,16,on,85.000000,5,0.006584000,0.006585200,0.000022480,0.006321924,0.000262076,0.006315966,0.000268034,0.006321924,0.000262076,,
2,139,out_of_fold_test,gpu,2,16,on,170.000000,5,0.008461000,0.008482600,0.000054220,0.008757845,-0.000296845,0.008761939,-0.000300939,0.008757845,-0.000296845,,
2,140,out_of_fold_test,gpu,2,16,on,255.000000,5,0.010161000,0.010152400,0.000011808,0.010597357,-0.000436357,0.010611060,-0.000450060,0.010597357,-0.000436357,,
2,141,out_of_fold_test,gpu,2,16,on,340.000000,5,0.011716000,0.011721600,0.000009891,0.012132360,-0.000416360,0.012155160,-0.000439160,0.012132360,-0.000416360,,
2,142,out_of_fold_test,gpu,2,16,on,425.000000,5,0.013760000,0.013794200,0.000051023,0.013474528,0.000285472,0.013505981,0.000254019,0.013474528,0.000285472,,
2,143,out_of_fold_test,gpu,2,16,on,510.000000,5,0.015805000,0.015791600,0.000033284,0.014680659,0.001124341,0.014720387,0.001084613,0.014680659,0.001124341,0.014167991,0.001637009
2,144,out_of_fold_test,gpu,4,2,on,85.000000,5,0.005927000,0.005926800,0.000004956,0.005602237,0.000324763,0.005594138,0.000332862,0.005602237,0.000324763,,
2,145,out_of_fold_test,gpu,4,2,on,170.000000,5,0.007207000,0.007253000,0.000088198,0.007623725,-0.000416725,0.007608214,-0.000401214,0.007623725,-0.000416725,,
2,146,out_of_fold_test,gpu,4,2,on,255.000000,5,0.008534000,0.008536000,0.000006229,0.009129323,-0.000595323,0.009107606,-0.000573606,0.009129323,-0.000595323,,
2,147,out_of_fold_test,gpu,4,2,on,340.000000,5,0.009811000,0.009808800,0.000012090,0.010374639,-0.000563639,0.010347426,-0.000536426,0.010374639,-0.000563639,,
2,148,out_of_fold_test,gpu,4,2,on,425.000000,5,0.011579000,0.011575600,0.000020944,0.011456418,0.000122582,0.011424197,0.000154803,0.011456418,0.000122582,,
2,149,out_of_fold_test,gpu,4,2,on,510.000000,5,0.012965000,0.012986400,0.000046405,0.012423511,0.000541489,0.012386649,0.000578351,0.012423511,0.000541489,0.011904190,0.001060810
2,150,out_of_fold_test,gpu,4,4,on,85.000000,5,0.005895000,0.005896000,0.000005797,0.005587584,0.000307416,0.005588812,0.000306188,0.005587584,0.000307416,,
2,151,out_of_fold_test,gpu,4,4,on,170.000000,5,0.007337000,0.007335200,0.000086509,0.007605227,-0.000268227,0.007600972,-0.000263972,0.007605227,-0.000268227,,
2,152,out_of_fold_test,gpu,4,4,on,255.000000,5,0.008503000,0.008667400,0.000336021,0.009108183,-0.000605183,0.009098936,-0.000595936,0.009108183,-0.000605183,,
2,153,out_of_fold_test,gpu,4,4,on,340.000000,5,0.009757000,0.009755400,0.000012955,0.010351429,-0.000594429,0.010337576,-0.000580576,0.010351429,-0.000594429,,
2,154,out_of_fold_test,gpu,4,4,on,425.000000,5,0.011526000,0.011539400,0.000042434,0.011431486,0.000094514,0.011413322,0.000112678,0.011431486,0.000094514,,
2,155,out_of_fold_test,gpu,4,4,on,510.000000,5,0.012952000,0.012946800,0.000018236,0.012397093,0.000554907,0.012374857,0.000577143,0.012397093,0.000554907,0.011893906,0.001058094
2,156,out_of_fold_test,gpu,4,8,on,85.000000,5,0.005985000,0.005988400,0.000005238,0.005571457,0.000413543,0.005583492,0.000401508,0.005571457,0.000413543,,
2,157,out_of_fold_test,gpu,4,8,on,170.000000,5,0.007447000,0.007437800,0.000070272,0.007587919,-0.000140919,0.007593736,-0.000146736,0.007587919,-0.000140919,,
2,158,out_of_fold_test,gpu,4,8,on,255.000000,5,0.008558000,0.008564800,0.000019125,0.009090708,-0.000532708,0.009090274,-0.000532274,0.009090708,-0.000532708,,
2,159,out_of_fold_test,gpu,4,8,on,340.000000,5,0.009794000,0.009796000,0.000014697,0.010334193,-0.000540193,0.010327735,-0.000533735,0.010334193,-0.000540193,,
2,160,out_of_fold_test,gpu,4,8,on,425.000000,5,0.011549000,0.011558200,0.000019944,0.011414700,0.000134300,0.011402457,0.000146543,0.011414700,0.000134300,,
2,161,out_of_fold_test,gpu,4,8,on,510.000000,5,0.012977000,0.012990600,0.000027947,0.012380882,0.000596118,0.012363077,0.000613923,0.012380882,0.000596118,0.011883631,0.001093369
2,162,out_of_fold_test,gpu,4,16,on,85.000000,5,0.005889000,0.005893000,0.000007348,0.005581159,0.000307841,0.005578177,0.000310823,0.005581159,0.000307841,,
2,163,out_of_fold_test,gpu,4,16,on,170.000000,5,0.007354000,0.007301600,0.000088951,0.007596433,-0.000242433,0.007586507,-0.000232507,0.007596433,-0.000242433,,
2,164,out_of_fold_test,gpu,4,16,on,255.000000,5,0.008486000,0.008485000,0.000004775,0.009097617,-0.000611617,0.009081621,-0.000595621,0.009097617,-0.000611617,,
2,165,out_of_fold_test,gpu,4,16,on,340.000000,5,0.009764000,0.009765800,0.000011426,0.010339394,-0.000575394,0.010317903,-0.000553903,0.010339394,-0.000575394,,
2,166,out_of_fold_test,gpu,4,16,on,425.000000,5,0.011523000,0.011522400,0.000015551,0.011418171,0.000104829,0.011391602,0.000131398,0.011418171,0.000104829,,
2,167,out_of_fold_test,gpu,4,16,on,510.000000,5,0.012951000,0.012958400,0.000018051,0.012382633,0.000568367,0.012351308,0.000599692,0.012382633,0.000568367,0.011873365,0.001077635
2,168,out_of_fold_test,gpu,8,2,on,85.000000,5,0.005959000,0.005963200,0.000006735,0.005668227,0.000290773,0.005678104,0.000280896,0.005668227,0.000290773,,
2,169,out_of_fold_test,gpu,8,2,on,170.000000,5,0.007469000,0.007450600,0.000037409,0.007588976,-0.000119976,0.007606121,-0.000137121,0.007588976,-0.000119976,,
2,170,out_of_fold_test,gpu,8,2,on,255.000000,5,0.008530000,0.008534800,0.000013227,0.009001585,-0.000471585,0.009024642,-0.000494642,0.009001585,-0.000471585,,
2,171,out_of_fold_test,gpu,8,2,on,340.000000,5,0.009797000,0.009804400,0.000012142,0.010160596,-0.000363596,0.010188801,-0.000391801,0.010160596,-0.000363596,,
2,172,out_of_fold_test,gpu,8,2,on,425.000000,5,0.011536000,0.011539200,0.000005418,0.011161409,0.000374591,0.011194250,0.000341750,0.011161409,0.000374591,,
2,173,out_of_fold_test,gpu,8,2,on,510.000000,5,0.012958000,0.012965400,0.000019106,0.012051884,0.000906116,0.012088985,0.000869015,0.012051884,0.000906116,0.011629454,0.001328546
2,174,out_of_fold_test,gpu,8,4,on,85.000000,5,0.005962000,0.005967000,0.000007849,0.005685514,0.000276486,0.005672699,0.000289301,0.005685514,0.000276486,,
2,175,out_of_fold_test,gpu,8,4,on,170.000000,5,0.007211000,0.007302800,0.000141133,0.007603435,-0.000392435,0.007598880,-0.000387880,0.007603435,-0.000392435,,
2,176,out_of_fold_test,gpu,8,4,on,255.000000,5,0.008536000,0.008532600,0.000008381,0.009012713,-0.000476713,0.009016051,-0.000480051,0.009012713,-0.000476713,,
2,177,out_of_fold_test,gpu,8,4,on,340.000000,5,0.009813000,0.009808000,0.000017709,0.010168337,-0.000355337,0.010179102,-0.000366102,0.010168337,-0.000355337,,
2,178,out_of_fold_test,gpu,8,4,on,425.000000,5,0.011539000,0.011538800,0.000006242,0.011165809,0.000373191,0.011183594,0.000355406,0.011165809,0.000373191,,
2,179,out_of_fold_test,gpu,8,4,on,510.000000,5,0.012965000,0.012966000,0.000010257,0.012053015,0.000911985,0.012077476,0.000887524,0.012053015,0.000911985,0.011619408,0.001345592
2,180,out_of_fold_test,gpu,8,8,on,85.000000,5,0.005930000,0.005933000,0.000005586,0.005674406,0.000255594,0.005667299,0.000262701,0.005674406,0.000255594,,
2,181,out_of_fold_test,gpu,8,8,on,170.000000,5,0.007349000,0.007356800,0.000070664,0.007590747,-0.000241747,0.007591646,-0.000242646,0.007590747,-0.000241747,,
2,182,out_of_fold_test,gpu,8,8,on,255.000000,5,0.008518000,0.008523000,0.000017607,0.008999178,-0.000481178,0.009007468,-0.000489468,0.008999178,-0.000481178,,
2,183,out_of_fold_test,gpu,8,8,on,340.000000,5,0.009775000,0.009782600,0.000012816,0.010154270,-0.000379270,0.010169412,-0.000394412,0.010154270,-0.000379270,,
2,184,out_of_fold_test,gpu,8,8,on,425.000000,5,0.011548000,0.011544200,0.000020624,0.011151386,0.000396614,0.011172948,0.000375052,0.011151386,0.000396614,,
2,185,out_of_fold_test,gpu,8,8,on,510.000000,5,0.012943000,0.012963800,0.000034038,0.012038350,0.000904650,0.012065979,0.000877021,0.012038350,0.000904650,0.011609370,0.001333630
2,186,out_of_fold_test,gpu,8,16,on,85.000000,5,0.005937000,0.005934600,0.000008163,0.005664372,0.000272628,0.005661904,0.000275096,0.005664372,0.000272628,,
2,187,out_of_fold_test,gpu,8,16,on,170.000000,5,0.007318000,0.007309000,0.000093891,0.007577170,-0.000259170,0.007584419,-0.000266419,0.007577170,-0.000259170,,
2,188,out_of_fold_test,gpu,8,16,on,255.000000,5,0.008521000,0.008516400,0.000007310,0.008982974,-0.000461974,0.008998893,-0.000477893,0.008982974,-0.000461974,,
2,189,out_of_fold_test,gpu,8,16,on,340.000000,5,0.009778000,0.009782000,0.000006293,0.010135901,-0.000357901,0.010159731,-0.000381731,0.010135901,-0.000357901,,
2,190,out_of_fold_test,gpu,8,16,on,425.000000,5,0.011545000,0.011541200,0.000022895,0.011131141,0.000413859,0.011162312,0.000382688,0.011131141,0.000413859,,
2,191,out_of_fold_test,gpu,8,16,on,510.000000,5,0.012941000,0.012950600,0.000020616,0.012016430,0.000924570,0.012054493,0.000886507,0.012016430,0.000924570,0.011599341,0.001341659
